,datetime,datetimeEpoch,tempmax,tempmin,temp,feelslikemax,feelslikemin,feelslike,dew,humidity,precip,precipprob,precipcover,preciptype,snow,snowdepth,windgust,windspeed,winddir,pressure,cloudcover,visibility,solarradiation,solarenergy,uvindex,sunrise,sunriseEpoch,sunset,sunsetEpoch,moonphase,conditions,description,icon,stations,source,severerisk
0,2019-04-15,1555300800,72.7,48.5,59.4,72.7,42.7,59.1,47.4,67.3,1.09,100.0,25.0,['rain'],0.0,0.0,45.5,32.1,259.8,1002.1,53.6,9.2,227.0,19.5,8.0,06:25:36,1555323936,19:39:22,1555371562,0.37,"Rain, Partially cloudy",Partly cloudy throughout the day with rain clearing later.,rain,"['KDOV', '72408813707', '72407513735', 'KWWD', 'KMIV', '72409313764', 'DE026']",obs,
1,2023-04-22,1682136000,75.5,56.0,62.3,75.5,56.0,62.3,53.3,74.4,1.123,100.0,33.33,['rain'],0.0,0.0,49.4,18.9,141.3,1009.5,57.5,8.8,108.0,9.1,6.0,06:19:24,1682158764,19:53:28,1682207608,0.08,"Rain, Partially cloudy",Partly cloudy throughout the day with rain.,rain,"['KMDT', 'KTHV', 'AV047', 'MNGP1', '72511814751', 'KCXY', '72399014711']",obs,10.0
2,2019-05-28,1559016000,86.7,62.9,72.8,90.4,62.9,73.5,62.8,71.6,0.302,100.0,33.33,['rain'],0.0,0.0,51.0,12.6,236.4,1008.2,53.9,9.9,199.3,17.3,7.0,05:42:07,1559036527,20:27:55,1559089675,0.81,"Rain, Partially cloudy",Partly cloudy throughout the day with rain.,rain,"['KMDT', 'KTHV', 'KMUI', 'MNGP1', '72511814751', 'KCXY', '72399014711', 'E7690']",obs,
3,2019-05-30,1559188800,87.2,74.0,79.0,89.0,74.0,79.7,67.7,69.3,0.0,0.0,0.0,,0.0,0.0,34.9,16.1,214.8,1007.7,27.0,9.0,168.7,14.5,9.0,05:43:16,1559209396,20:24:06,1559262246,0.88,Partially cloudy,Partly cloudy throughout the day.,partly-cloudy-day,"['D7859', '99999913752', '72215899999', '72406093721', 'KBWI', 'E0642', 'KNAK', '74594013705']",obs,
4,2021-06-21,1624248000,92.9,74.3,81.0,96.3,74.3,82.5,68.3,66.9,0.002,100.0,4.17,['rain'],0.0,0.0,35.0,16.2,202.4,1004.8,45.8,9.6,118.3,10.1,7.0,05:38:10,1624268290,20:40:44,1624322444,0.39,"Rain, Partially cloudy",Partly cloudy throughout the day with late afternoon rain.,rain,"['KMDT', 'D5425', 'KTHV', 'KMUI', 'AV047', 'MNGP1', '72511814751', '0530W', 'KCXY', '72399014711']",obs,
5,2023-07-02,1688270400,85.7,72.7,78.6,93.3,72.7,80.6,70.4,77.0,0.684,100.0,41.67,['rain'],0.0,0.0,34.4,10.8,209.0,1010.5,74.6,7.8,130.9,11.1,5.0,05:42:06,1688290926,20:41:00,1688344860,0.47,"Rain, Partially cloudy",Partly cloudy throughout the day with a chance of rain throughout the day.,rain,"['KMDT', 'KTHV', 'KMUI', 'AV047', 'MNGP1', '72511814751', 'KCXY', '72399014711']",obs,30.0
6,2022-07-28,1658980800,86.0,74.1,80.6,92.7,74.1,83.3,70.8,73.1,0.144,100.0,8.33,['rain'],0.0,0.0,21.9,9.3,210.7,1010.2,46.4,9.9,238.0,20.5,9.0,05:49:00,1659001740,20:15:35,1659053735,0.0,"Rain, Partially cloudy",Partly cloudy throughout the day with early morning rain.,rain,"['72505394728', '72055399999', 'KLGA', 'KJRB', 'F8726', 'KNYC', 'F1417', '72503014732']",obs,60.0
7,2021-07-01,1625112000,87.2,71.6,77.7,92.4,71.6,79.2,70.5,79.9,0.445,100.0,16.67,['rain'],0.0,0.0,25.3,11.4,298.4,1011.5,55.6,9.5,221.8,19.1,8.0,05:39:53,1625132393,20:32:07,1625185927,0.75,"Rain, Partially cloudy",Partly cloudy throughout the day with rain.,rain,"['DE030', 'KDOV', '72408813707', '72407513735', 'KWWD', 'KMIV', '72409313764', 'DE026']",obs,
8,2020-08-04,1596513600,80.2,70.6,74.7,82.3,70.6,74.8,69.9,86.1,2.077,100.0,54.17,['rain'],0.0,0.0,48.1,27.1,173.3,1009.2,57.5,7.4,84.4,7.4,5.0,06:00:12,1596535212,20:09:22,1596586162,0.53,"Rain, Partially cloudy",Partly cloudy throughout the day with a chance of rain throughout the day.,rain,"['KTTN', 'KWRI', '72409514792', '72408594732', '72409614706', 'KPNE', 'D5416']",obs,
9,2021-08-19,1629345600,82.0,74.0,77.8,86.8,74.0,78.9,71.6,81.3,2.599,100.0,41.67,['rain'],0.0,0.0,29.1,11.3,173.3,1013.3,94.7,8.6,89.2,7.8,5.0,06:03:24,1629367404,19:44:23,1629416663,0.4,"Rain, Overcast",Cloudy skies throughout the day with a chance of rain throughout the day.,rain,"['KMMK', 'KHFD', 'E6187', '72508714752', 'KBDL', '72508014740', '72502754788']",obs,
10,2019-08-07,1565150400,87.4,68.3,74.8,94.9,68.3,75.9,70.1,86.7,1.68,100.0,29.17,['rain'],0.0,0.0,29.1,13.8,149.5,1008.6,63.5,7.8,155.9,12.3,8.0,06:02:19,1565172139,20:06:43,1565222803,0.25,"Rain, Partially cloudy",Partly cloudy throughout the day with rain.,rain,"['KTTN', 'KWRI', '72409514792', '72408594732', '72409614706', 'KPNE', 'D5416']",obs,
11,2021-08-18,1629259200,84.6,74.2,78.5,91.7,74.2,80.3,73.2,84.0,1.4,100.0,62.5,['rain'],0.0,0.0,29.1,17.1,134.0,1018.3,91.3,8.2,26.5,2.2,2.0,06:21:49,1629282109,20:00:08,1629331208,0.36,"Rain, Overcast",Cloudy skies throughout the day with a chance of rain throughout the day.,rain,"['KMDT', 'D5425', 'KTHV', 'KMUI', 'AV047', 'MNGP1', '72511814751', '0530W', 'KCXY', '72399014711']",obs,
12,2021-09-08,1631073600,85.8,66.6,76.6,86.5,66.6,77.0,61.6,61.0,0.79,100.0,8.33,['rain'],0.0,0.0,28.8,14.0,216.7,1009.4,30.8,9.7,57.2,5.1,4.0,06:41:55,1631097715,19:27:35,1631143655,0.06,"Rain, Partially cloudy",Partly cloudy throughout the day with late afternoon rain.,rain,"['KMDT', 'KTHV', 'KMUI', 'AV047', 'MNGP1', '72511814751', 'KCXY', '72399014711']",obs,
13,2022-09-19,1663560000,84.6,69.9,75.4,84.2,69.9,75.4,60.8,62.3,0.122,100.0,8.33,['rain'],0.0,0.0,32.1,17.2,238.4,1012.6,54.4,9.5,154.0,13.1,7.0,06:40:35,1663584035,18:58:20,1663628300,0.8,"Rain, Partially cloudy",Partly cloudy throughout the day with late afternoon rain.,rain,"['72505394728', 'KLGA', 'KNYC', 'F1417', '72503014732']",obs,10.0
14,2020-10-07,1602043200,74.9,61.1,66.8,74.9,61.1,66.8,53.0,63.1,0.001,100.0,4.17,['rain'],0.0,0.0,27.3,16.0,260.9,1008.0,35.7,9.9,134.4,11.7,7.0,06:59:12,1602068352,18:27:32,1602109652,0.69,"Rain, Partially cloudy",Partly cloudy throughout the day with afternoon rain.,rain,"['72505394728', '72055399999', 'KLGA', 'KJRB', 'KNYC', 'F1417', '72503014732']",obs,
15,2020-11-30,1606712400,62.7,44.6,51.8,62.7,42.1,50.8,44.8,77.4,1.003,100.0,41.67,['rain'],0.0,0.0,19.7,11.4,213.6,1001.5,90.0,7.5,11.0,1.0,1.0,07:10:30,1606738230,16:42:09,1606772529,0.5,"Rain, Partially cloudy",Partly cloudy throughout the day with a chance of rain throughout the day.,rain,"['KMDT', 'KTHV', 'KMUI', 'AV047', 'MNGP1', '72511814751', '0530W', 'KCXY', '72399014711', 'PMN04']",obs,
16,2022-04-22,1650603600,77.0,52.1,60.8,77.0,52.1,60.8,47.5,62.6,0.031,100.0,4.17,['rain'],0.0,0.0,45.0,29.9,99.8,1002.6,58.8,9.8,200.7,17.2,7.0,06:45:48,1650627948,20:34:47,1650677687,0.71,"Rain, Partially cloudy",Partly cloudy throughout the day with late afternoon rain.,rain,"['72656024025', '99999994085', 'KPIR', 'RFPS2']",obs,15.0
17,2023-05-27,1685167200,70.0,48.0,55.8,70.0,41.8,54.8,47.8,76.3,0.173,100.0,25.0,['rain'],0.0,0.0,49.4,20.3,164.8,1010.2,46.6,8.7,187.0,16.1,8.0,05:31:48,1685187108,20:21:39,1685240499,0.25,"Rain, Partially cloudy",Partly cloudy throughout the day with rain.,rain,"['KCYS', '72061999999', 'NUNC2', '72564024018', 'BEYC2', 'C2749', 'KFEW']",obs,30.0
18,2023-05-09,1683612000,57.8,47.0,52.0,57.8,41.1,51.2,37.2,57.2,0.041,100.0,8.33,['rain'],0.0,0.0,36.8,25.3,266.1,1014.5,63.3,9.6,160.4,13.9,6.0,06:01:57,1683633717,20:48:00,1683686880,0.64,"Rain, Partially cloudy",Partly cloudy throughout the day with afternoon rain.,rain,"['KBTM', 'KHLN', '72772024144', '72774024135', 'E5549']",obs,10.0
19,2022-05-12,1652331600,68.4,51.8,59.4,68.4,51.8,59.4,54.6,84.2,0.282,100.0,12.5,['rain'],0.0,0.0,46.6,29.3,64.3,1007.3,90.6,9.6,99.2,8.5,5.0,06:12:03,1652353923,21:07:46,1652407666,0.39,"Rain, Overcast",Cloudy skies throughout the day with rain.,rain,"['KBIS', '72087100296', 'C2059', 'KY19', '72764024011', 'MNDN8']",obs,10.0
20,2023-05-27,1685163600,83.9,55.0,71.6,81.2,55.0,70.9,38.1,31.0,0.0,0.0,0.0,,0.0,0.0,26.4,16.0,139.5,1019.4,2.3,9.9,329.5,28.3,10.0,06:00:20,1685185220,20:48:12,1685238492,0.25,Clear,Clear conditions throughout the day.,clear-day,"['KBIE', '72094200323', '72551594947', 'ROFN1', 'E0651', '72551014939', 'KAHQ', 'KLNK']",obs,10.0
21,2020-06-28,1593320400,94.6,68.8,81.6,98.3,68.8,83.0,66.5,63.3,0.37,100.0,8.33,['rain'],0.0,0.0,35.9,25.4,150.0,996.4,20.4,9.8,270.4,23.3,8.0,05:51:42,1593341502,21:41:15,1593398475,0.25,"Rain, Partially cloudy",Partly cloudy throughout the day with late afternoon rain.,rain,"['K7L2', 'KBIS', '72087100296', 'C2059', 'A2823', '72093300318', 'KY19', '72764024011']",obs,
22,2022-06-12,1655010000,84.8,63.0,73.8,87.5,63.0,74.6,63.5,71.6,0.339,100.0,25.0,['rain'],0.0,0.0,37.6,24.0,172.3,1004.2,34.3,9.7,338.6,29.3,9.0,05:56:47,1655031407,21:26:09,1655087169,0.44,"Rain, Partially cloudy",Becoming cloudy in the afternoon with rain.,rain,"['72656024025', '99999994085', 'KPIR', 'RFPS2']",obs,75.0
23,2023-06-02,1685682000,88.0,66.8,74.3,87.8,66.8,74.4,62.9,70.1,0.023,100.0,8.33,['rain'],0.0,0.0,45.7,27.5,167.2,1014.2,22.0,9.9,207.8,18.0,8.0,05:57:18,1685703438,20:52:49,1685757169,0.45,"Rain, Partially cloudy",Partly cloudy throughout the day with late afternoon rain.,rain,"['72094200323', '72551594947', 'ROFN1', 'E0651', '72551014939', 'KAHQ', 'KLNK']",obs,30.0
24,2019-06-25,1561442400,75.6,49.8,63.3,75.6,46.0,63.1,40.9,45.9,0.003,100.0,12.5,['rain'],0.0,0.0,23.0,16.0,240.1,1011.2,15.7,9.9,297.3,25.6,10.0,05:27:57,1561462077,20:35:52,1561516552,0.75,Rain,Clear conditions throughout the day with rain.,rain,"['KCYS', 'KLAR', 'CPEC2', '72061999999', '72564524022', '72476994035', '72564024018', 'C2749', 'KFNL', 'AN792', 'KFEW', 'KGXY']",obs,
25,2023-06-07,1686114000,92.9,60.2,78.3,91.0,60.2,77.4,55.1,49.4,0.0,0.0,0.0,,0.0,0.0,13.9,6.9,202.5,1008.9,1.2,9.9,346.6,30.0,9.0,05:57:53,1686135473,21:23:05,1686190985,0.63,Clear,Clear conditions throughout the day.,clear-day,"['72656024025', '99999994085', 'KPIR', 'RFPS2']",obs,10.0
26,2023-07-07,1688706000,77.6,56.1,67.1,77.6,56.1,67.1,53.6,65.4,0.0,0.0,0.0,,0.0,0.0,25.3,15.0,20.0,1014.0,21.0,9.9,313.8,27.0,9.0,05:57:01,1688727421,21:38:49,1688783929,0.65,Partially cloudy,Partly cloudy throughout the day.,partly-cloudy-day,"['C2059', 'KBIS', '72087100296', 'KY19', '72764024011']",obs,10.0
27,2021-07-06,1625551200,97.1,60.2,78.4,92.0,60.2,76.6,44.0,37.7,0.0,0.0,0.0,,0.0,0.0,28.9,19.7,287.6,1016.2,0.0,9.9,346.9,30.0,9.0,05:42:29,1625571749,21:23:06,1625628186,0.89,Clear,Clear conditions throughout the day.,clear-day,"['KBTM', 'HRWM8', 'E3848', 'KHLN', '72772024144', '72774024135']",obs,
28,2020-07-06,1594011600,82.1,64.1,72.0,83.9,64.1,72.3,64.4,78.5,0.384,100.0,20.83,['rain'],0.0,0.0,34.0,12.7,70.1,1013.6,41.5,9.7,256.3,22.2,8.0,06:04:35,1594033475,21:27:42,1594088862,0.55,"Rain, Partially cloudy",Partly cloudy throughout the day with rain.,rain,"['72656024025', '99999994085', 'KPIR', 'RFPS2']",obs,
29,2019-07-08,1562562000,87.5,66.5,73.7,94.2,66.5,75.0,68.8,85.9,1.28,100.0,8.33,['rain'],0.0,0.0,30.4,14.5,131.2,1008.0,29.6,9.5,205.6,17.9,8.0,05:57:44,1562583464,21:38:17,1562639897,0.21,"Rain, Partially cloudy",Becoming cloudy in the afternoon with late afternoon rain.,rain,"['KBIS', '72087100296', 'C2059', 'A2823', 'KY19', '72764024011']",obs,
30,2021-08-20,1629435600,70.7,57.5,65.7,70.7,57.5,65.7,63.6,92.8,0.539,100.0,45.83,['rain'],0.0,0.0,35.7,21.6,298.0,1004.3,88.2,8.5,33.1,2.8,2.0,06:47:40,1629460060,20:44:16,1629510256,0.44,"Rain, Partially cloudy",Partly cloudy throughout the day with a chance of rain throughout the day.,rain,"['KBIS', '72087100296', 'C2059', 'KY19', '72764024011', 'MNDN8']",obs,
31,2019-08-29,1567054800,89.9,66.9,77.1,96.3,66.9,78.8,64.1,65.1,0.0,0.0,0.0,,0.0,0.0,29.3,18.1,254.2,1013.1,21.6,9.9,230.8,19.9,8.0,06:50:32,1567079432,20:04:19,1567127059,0.98,Partially cloudy,Becoming cloudy in the afternoon.,partly-cloudy-day,"['KBIE', '72094200323', '72551594947', 'E7007', 'ROFN1', '72551014939', 'KAHQ', 'KLNK']",obs,
32,2019-08-23,1566540000,82.4,55.3,67.0,80.7,55.3,66.9,48.2,53.3,0.15,100.0,4.17,['rain'],0.0,0.0,32.7,22.6,143.6,1009.8,14.0,9.9,199.3,17.2,7.0,06:16:37,1566562597,19:46:31,1566611191,0.75,Rain,Clear conditions throughout the day with afternoon rain.,rain,"['KCYS', 'CPEC2', '72061999999', 'NUNC2', '72564024018', 'C2749', 'AN792', 'KFEW']",obs,
33,2019-09-10,1568091600,72.0,53.1,63.2,72.0,53.1,63.2,57.9,84.0,0.08,100.0,8.33,['rain'],0.0,0.0,27.7,16.1,54.9,1013.0,20.1,9.5,109.3,9.4,6.0,07:14:20,1568117660,20:01:41,1568163701,0.38,"Rain, Partially cloudy",Becoming cloudy in the afternoon with late afternoon rain.,rain,"['72656024025', '99999994085', 'KPIR', 'RFPS2']",obs,
34,2021-10-13,1634101200,46.7,41.6,45.1,39.8,32.1,37.1,42.5,90.5,1.469,100.0,83.33,['rain'],0.0,0.0,44.2,27.1,10.3,1001.1,98.1,6.8,15.6,1.3,1.0,07:58:36,1634129916,18:59:09,1634169549,0.26,"Rain, Overcast",Cloudy skies throughout the day with a chance of rain throughout the day.,rain,"['K7L2', 'KBIS', '72087100296', 'C2059', '72093300318', 'KY19', '72764024011', 'MNDN8']",obs,
35,2019-05-07,1557208800,77.0,45.1,62.2,77.0,45.1,62.1,33.9,37.9,0.0,0.0,0.0,,0.0,0.0,42.1,26.2,320.6,1010.0,6.5,9.9,338.8,29.3,10.0,06:29:22,1557232162,20:54:01,1557284041,0.1,Clear,Clear conditions throughout the day.,clear-day,"['KBOI', 'KEUL', 'BOII', 'TR382', '72681394195', '72681024131', 'KMUO']",obs,
36,2020-06-13,1592031600,61.0,50.0,54.1,61.0,48.4,54.0,48.4,81.2,0.235,100.0,33.33,['rain'],0.0,0.0,19.7,17.0,205.4,1016.0,74.3,9.4,119.5,10.4,4.0,05:25:13,1592051113,20:59:50,1592107190,0.76,"Rain, Partially cloudy",Partly cloudy throughout the day with rain.,rain,"['KSLE', 'E3257', 'AT321', '72694024232', 'KMMV', '72695994281', 'KUAO', '72688194273']",obs,
37,2022-10-24,1666594800,57.8,46.2,50.7,57.8,39.6,48.8,45.8,83.6,0.172,100.0,45.83,['rain'],0.0,0.0,31.1,20.7,180.5,1020.2,86.0,8.0,44.0,4.0,2.0,07:39:52,1666622392,18:12:08,1666660328,0.98,"Rain, Partially cloudy",Partly cloudy throughout the day with a chance of rain throughout the day.,rain,"['KSLE', 'E3257', 'AT321', 'RKHO3', '72694024232', 'KMMV', '72695994281', 'KUAO', '72688194273']",obs,10.0
38,2023-01-12,1673503200,66.4,40.4,57.6,66.4,31.7,55.9,51.8,81.2,0.093,100.0,45.83,['rain'],0.0,0.0,31.4,20.9,261.1,1008.9,75.8,8.4,38.0,3.3,3.0,06:58:14,1673528294,16:52:54,1673563974,0.69,"Rain, Partially cloudy",Partly cloudy throughout the day with rain.,rain,"['72327013897', '0679W', 'KJWN', 'KBNA', 'KMQY', 'C0529', '72327313827', '72327199999']",obs,30.0
39,2020-01-11,1578722400,37.1,21.8,29.2,30.4,10.3,20.1,25.4,85.5,0.385,100.0,20.83,"['rain', 'snow']",0.0,0.0,33.3,15.0,316.6,1014.4,93.5,5.5,13.5,1.1,1.0,07:26:15,1578749175,17:07:04,1578784024,0.53,"Snow, Rain, Overcast",Cloudy skies throughout the day with a chance of rain or snow throughout the day.,rain,"['72445803963', 'D5315', 'KJEF', '72442013997', 'KVIH', 'CTSM7', '72445003945', 'KCOU']",obs,
40,2019-02-07,1549515600,59.8,43.8,51.3,59.8,36.2,49.8,49.8,95.0,0.764,100.0,54.17,['rain'],0.0,0.0,39.0,24.2,170.2,1010.9,93.8,4.1,18.8,1.8,1.0,07:34:32,1549542872,17:58:15,1549580295,0.1,"Rain, Overcast",Cloudy skies throughout the day with a chance of rain throughout the day.,rain,"['KCMH', 'KTZR', 'CHEO1', 'KOSU', '72092800315', '72428804804', 'E5493', '72428014821']",obs,
41,2022-03-29,1648530000,73.1,44.9,58.2,73.1,38.8,55.6,37.0,45.1,0.0,0.0,0.0,,0.0,0.0,39.1,18.3,130.7,1007.6,40.5,9.9,134.6,11.8,7.0,06:58:00,1648555080,19:29:27,1648600167,0.91,Partially cloudy,Clearing in the afternoon.,partly-cloudy-day,"['72445803963', 'D5315', 'KJEF', '72442013997', 'KVIH', '72445003945', 'KCOU', 'ASLM7']",obs,10.0
42,2019-03-09,1552111200,65.6,49.1,58.6,65.6,47.1,58.2,55.0,88.4,1.201,100.0,50.0,['rain'],0.0,0.0,34.3,22.3,183.7,1009.5,75.8,5.3,28.0,2.2,1.0,06:06:40,1552133200,17:49:09,1552175349,0.11,"Rain, Partially cloudy",Partly cloudy throughout the day with a chance of rain throughout the day.,rain,"['72327013897', 'E9547', 'KJWN', 'KBNA', 'KMQY', '72327199999']",obs,
43,2023-03-31,1680238800,73.1,57.1,66.3,73.1,57.1,66.3,51.1,59.5,0.065,100.0,16.67,['rain'],0.0,0.0,41.3,28.6,184.7,1014.0,89.9,9.5,94.6,8.0,6.0,06:34:58,1680262498,19:08:13,1680307693,0.32,"Rain, Partially cloudy",Partly cloudy throughout the day with rain clearing later.,rain,"['72327013897', '0679W', 'KJWN', 'KBNA', 'KMQY', '72327313827', '72327199999']",obs,10.0
44,2022-03-18,1647576000,66.8,51.2,59.5,66.8,51.2,59.5,48.9,68.6,0.0,0.0,0.0,,0.0,0.0,35.6,14.9,162.5,1009.3,64.9,9.9,56.7,5.4,2.0,07:45:57,1647603957,19:49:41,1647647381,0.5,Partially cloudy,Partly cloudy throughout the day.,partly-cloudy-day,"['72422093820', 'KLEX', 'KFFT', 'AV666', '72423353841', 'C3512', '99999963838']",obs,10.0
45,2022-03-30,1648616400,81.7,60.3,71.2,80.1,60.3,71.1,49.9,50.0,0.826,100.0,12.5,['rain'],0.0,0.0,45.7,30.0,176.6,1005.0,55.5,9.1,168.4,14.4,7.0,06:36:03,1648640163,19:07:34,1648685254,0.94,"Rain, Partially cloudy",Partly cloudy throughout the day with late afternoon rain.,rain,"['72327013897', '0679W', 'KJWN', 'KBNA', 'KMQY', '72327313827', '72327199999']",obs,10.0
46,2023-04-20,1681966800,82.9,53.0,68.1,82.4,53.0,68.1,51.3,56.3,0.449,100.0,12.5,['rain'],0.0,0.0,46.4,31.9,193.0,1009.7,47.5,9.5,143.8,12.4,7.0,06:13:56,1681989236,19:41:48,1682037708,0.02,"Rain, Partially cloudy",Becoming cloudy in the afternoon with late afternoon rain.,rain,"['74466653944', 'KTAZ', 'KSPI', 'MASI2', 'KAAA', '72439093822', 'D3458', '74467204862']",obs,30.0
47,2022-04-13,1649826000,74.0,38.0,55.9,74.0,33.8,53.4,47.7,74.4,0.402,100.0,37.5,['rain'],0.0,0.0,35.1,20.8,264.8,1003.8,84.3,8.9,34.0,2.9,2.0,06:35:21,1649849721,19:43:42,1649897022,0.4,"Rain, Partially cloudy",Partly cloudy throughout the day with rain in the morning and afternoon.,rain,"['72445803963', 'D5315', 'KJEF', '72442013997', 'KVIH', '72445003945', 'KCOU']",obs,10.0
48,2019-04-17,1555477200,79.0,65.0,72.6,79.0,65.0,72.6,54.6,53.5,0.0,0.0,0.0,,0.0,0.0,30.0,19.7,192.8,1006.5,42.2,9.9,103.0,9.0,6.0,06:30:00,1555500600,19:47:12,1555548432,0.44,Partially cloudy,Partly cloudy throughout the day.,partly-cloudy-day,"['72445803963', 'KJEF', '72442013997', 'C8078', 'KVIH', '72445003945', 'KCOU', 'ASLM7']",obs,
49,2021-04-08,1617858000,75.5,59.5,66.7,75.5,59.5,66.7,52.8,64.5,0.239,100.0,37.5,['rain'],0.0,0.0,35.6,17.6,202.5,1007.2,80.7,9.0,184.9,16.0,9.0,06:22:55,1617880975,19:15:22,1617927322,0.88,"Rain, Partially cloudy",Partly cloudy throughout the day with rain clearing later.,rain,"['72327013897', '0679W', 'KJWN', 'KBNA', 'KMQY', '72327313827', '72327199999']",obs,
50,2023-05-31,1685509200,89.9,62.1,76.9,89.1,62.1,76.6,59.0,57.5,0.0,0.0,0.0,,0.0,0.0,11.4,10.1,198.1,1014.1,18.6,9.6,206.9,17.8,8.0,05:33:01,1685529181,20:19:59,1685582399,0.39,Clear,Clear conditions throughout the day.,clear-day,"['74466653944', 'KTAZ', 'KSPI', 'KAAA', 'F6994', '72439093822', '74467204862']",obs,30.0
51,2019-05-22,1558501200,82.1,57.8,70.0,83.3,57.8,70.4,61.7,77.4,0.47,100.0,12.5,['rain'],0.0,0.0,34.2,21.7,165.7,1009.7,9.8,9.8,306.3,26.5,9.0,05:38:17,1558521497,20:12:42,1558573962,0.62,Rain,Clear conditions throughout the day with early morning rain.,rain,"['74466653944', 'KTAZ', 'KSPI', 'KAAA', 'E7786', '72439093822', '74467204862']",obs,
52,2023-05-15,1684126800,71.0,63.0,67.6,71.0,63.0,67.6,63.1,85.4,0.548,100.0,25.0,['rain'],0.0,0.0,15.0,10.3,44.8,1020.4,96.6,8.2,168.8,14.5,8.0,05:57:10,1684148230,20:13:36,1684199616,0.86,"Rain, Overcast",Cloudy skies throughout the day with rain.,rain,"['72445803963', 'D5315', 'KJEF', '72442013997', 'KVIH', '72445003945', 'KCOU', 'ASLM7']",obs,10.0
53,2023-05-13,1683954000,82.1,65.1,72.0,85.5,65.1,72.3,67.8,87.9,0.278,100.0,12.5,['rain'],0.0,0.0,16.1,10.3,102.3,1017.0,31.7,5.8,142.2,12.3,8.0,05:45:55,1683974755,20:04:36,1684026276,0.79,"Rain, Partially cloudy",Partly cloudy throughout the day with afternoon rain.,rain,"['74466653944', 'KTAZ', 'KSPI', 'KAAA', 'F6994', '72439093822', '74467204862']",obs,60.0
54,2019-05-25,1558760400,86.0,69.2,77.1,88.2,69.2,77.8,65.7,68.6,0.0,0.0,0.0,,0.0,0.0,29.8,20.6,227.3,1014.4,38.3,9.9,239.4,20.7,10.0,05:36:15,1558780575,20:15:14,1558833314,0.72,Partially cloudy,Partly cloudy throughout the day.,partly-cloudy-day,"['74466653944', 'KTAZ', 'KSPI', 'KAAA', 'E7786', '72439093822', '74467204862', 'E0975']",obs,
55,2021-05-27,1622091600,79.0,63.0,68.2,79.0,63.0,68.2,62.9,83.9,0.177,100.0,12.5,['rain'],0.0,0.0,30.9,15.8,152.1,1014.5,34.4,9.5,70.8,6.0,3.0,05:34:46,1622111686,20:17:17,1622164637,0.54,"Rain, Partially cloudy",Becoming cloudy in the afternoon with rain in the morning and afternoon.,rain,"['74466653944', 'KTAZ', 'KSPI', 'MASI2', 'KAAA', '72439093822', 'D3458', '74467204862']",obs,
56,2022-05-06,1651809600,61.7,52.9,57.8,61.7,52.9,57.8,55.2,91.1,0.213,100.0,58.33,['rain'],0.0,0.0,28.1,16.6,46.9,1004.2,100.0,7.0,41.8,3.6,2.0,06:39:07,1651833547,20:43:59,1651884239,0.19,"Rain, Overcast",Cloudy skies throughout the day with a chance of rain throughout the day.,rain,"['72435653866', 'KEYE', 'KIND', '72438093819', '72438453842', 'F9086', '72057500173']",obs,10.0
57,2021-06-18,1623988800,92.4,70.5,79.8,99.8,70.5,82.5,65.7,62.7,0.027,100.0,12.5,['rain'],0.0,0.0,35.6,18.5,210.7,1010.6,52.4,9.9,106.2,9.1,6.0,06:16:19,1624011379,21:15:30,1624065330,0.29,"Rain, Partially cloudy",Partly cloudy throughout the day with late afternoon rain.,rain,"['72435653866', 'KEYE', 'AR470', 'KIND', '72438093819', '72438453842', 'F9086', '72057500173']",obs,
58,2023-06-29,1688014800,83.1,68.0,73.6,89.1,68.0,74.3,68.0,83.1,0.531,100.0,8.33,['rain'],0.0,0.0,60.3,14.8,131.4,1011.1,29.1,5.9,108.5,9.4,5.0,05:33:13,1688034793,20:30:51,1688088651,0.38,"Rain, Partially cloudy",Partly cloudy throughout the day with afternoon rain.,rain,"['74466653944', 'KTAZ', 'KSPI', 'KAAA', 'E7786', 'F6994', '72439093822', '74467204862']",obs,75.0
59,2019-06-15,1560574800,79.0,62.1,68.5,79.0,62.1,68.5,65.1,89.3,1.184,100.0,37.5,['rain'],0.0,0.0,26.3,19.6,173.4,1008.9,65.4,8.9,87.1,7.4,4.0,05:29:52,1560594592,20:28:23,1560648503,0.44,"Rain, Partially cloudy",Partly cloudy throughout the day with rain clearing later.,rain,"['74466653944', 'KTAZ', 'KSPI', 'MASI2', 'KAAA', 'E7786', '72439093822', '74467204862']",obs,
60,2019-06-30,1561870800,92.9,70.2,80.8,100.9,70.2,83.8,71.1,74.3,0.038,100.0,8.33,['rain'],0.0,0.0,32.8,21.3,274.8,1017.4,8.5,9.9,312.1,27.1,9.0,05:33:37,1561890817,20:30:44,1561944644,0.93,Rain,Clear conditions throughout the day with late afternoon rain.,rain,"['74466653944', 'KTAZ', 'KSPI', 'KAAA', 'E7786', '72439093822', '74467204862']",obs,
61,2019-06-19,1560920400,88.0,70.0,78.7,92.4,70.0,80.1,68.7,73.1,0.825,100.0,8.33,['rain'],0.0,0.0,32.4,14.4,213.4,1006.9,68.9,9.7,240.6,20.8,9.0,05:29:53,1560940193,20:07:06,1560992826,0.58,"Rain, Partially cloudy",Partly cloudy throughout the day with late afternoon rain.,rain,"['72327013897', 'E9547', 'KBNA', 'KMQY', '72327313827', 'F0622']",obs,
62,2019-06-16,1560657600,79.4,67.1,72.3,79.4,67.1,72.3,66.9,83.8,0.712,100.0,33.33,['rain'],0.0,0.0,30.7,18.2,217.1,1010.1,73.3,8.5,186.3,16.0,8.0,06:02:49,1560679369,21:02:43,1560733363,0.48,"Rain, Partially cloudy",Partly cloudy throughout the day with rain.,rain,"['KCMH', 'KTZR', 'KOSU', '72092800315', '72428804804', 'E5493', '72428014821']",obs,
63,2023-07-14,1689310800,91.1,66.8,80.0,98.7,66.8,83.7,70.8,75.4,0.0,0.0,0.0,,0.0,0.0,28.9,9.3,202.2,1010.4,4.9,9.6,283.5,24.5,9.0,05:42:11,1689331331,20:26:28,1689384388,0.89,Clear,Clear conditions throughout the day.,clear-day,"['KTAZ', 'KSPI', 'KAAA', 'F6994', '72439093822', '74467204862']",obs,75.0
64,2022-07-08,1657256400,83.0,72.0,76.2,90.3,72.0,77.0,72.9,89.5,2.44,100.0,50.0,['rain'],0.0,0.0,18.6,13.8,73.0,1013.6,86.3,9.2,78.7,6.7,3.0,05:38:12,1657276692,20:29:00,1657330140,0.33,"Rain, Partially cloudy",Partly cloudy throughout the day with a chance of rain throughout the day.,rain,"['74466653944', 'KTAZ', 'KSPI', 'MASI2', 'KAAA', '72439093822', 'D3458', '74467204862']",obs,100.0
65,2021-07-12,1626066000,77.0,68.0,71.7,77.0,68.0,71.7,69.0,91.5,0.91,100.0,37.5,['rain'],0.0,0.0,20.8,9.0,43.5,1014.0,86.6,8.8,68.9,6.1,3.0,05:41:03,1626086463,20:27:13,1626139633,0.09,"Rain, Partially cloudy",Partly cloudy throughout the day with a chance of rain throughout the day.,rain,"['74466653944', 'KTAZ', 'KSPI', 'MASI2', 'KAAA', 'F6994', '72439093822', 'D3458', '74467204862']",obs,
66,2023-08-26,1693026000,80.9,71.0,75.5,86.0,71.0,76.0,71.1,86.4,0.019,100.0,12.5,['rain'],0.0,0.0,25.1,16.9,9.7,1014.0,58.0,9.3,147.3,12.8,6.0,06:20:45,1693048845,19:39:27,1693096767,0.35,"Rain, Partially cloudy",Partly cloudy throughout the day with early morning rain.,rain,"['74466653944', 'KTAZ', 'KSPI', 'KAAA', 'F6994', '72439093822', '74467204862']",obs,30.0
67,2023-08-24,1692849600,88.3,68.3,77.7,95.8,68.3,80.5,70.6,80.2,1.767,100.0,37.5,['rain'],0.0,0.0,36.5,17.0,186.2,1014.6,71.0,8.5,221.4,19.3,9.0,06:52:04,1692874324,20:16:08,1692922568,0.25,"Rain, Partially cloudy",Partly cloudy throughout the day with rain clearing later.,rain,"['KCMH', 'KTZR', 'KOSU', '72092800315', '72428804804', '0731W', '72428014821']",obs,100.0
68,2023-08-07,1691380800,74.1,68.0,71.0,74.1,68.0,71.0,66.0,84.7,0.358,100.0,50.0,['rain'],0.0,0.0,25.3,15.6,298.7,1008.2,89.9,9.1,49.6,4.2,2.0,06:48:58,1691405338,20:51:18,1691455878,0.7,"Rain, Partially cloudy",Partly cloudy throughout the day with a chance of rain throughout the day.,rain,"['72435653866', 'KEYE', 'KIND', '72438093819', '72438453842', 'F9086', '72057500173']",obs,10.0
69,2023-08-04,1691125200,83.9,72.0,78.5,93.6,72.0,81.6,73.8,85.9,1.806,100.0,29.17,['rain'],0.0,0.0,37.3,13.3,94.9,1011.1,50.8,8.1,124.8,10.7,7.0,06:12:56,1691147576,20:16:14,1691198174,0.6,"Rain, Partially cloudy",Clearing in the afternoon with rain.,rain,"['D5315', '72445803963', 'KJEF', '72442013997', 'KVIH', '72445003945', 'KCOU']",obs,75.0
70,2019-09-22,1569128400,77.0,73.1,74.6,77.0,73.1,74.6,67.6,79.4,0.444,100.0,25.0,['rain'],0.0,0.0,33.3,11.4,179.7,1012.6,61.7,9.2,20.5,1.8,1.0,06:56:11,1569153371,19:06:07,1569197167,0.79,"Rain, Partially cloudy",Partly cloudy throughout the day with rain.,rain,"['72445803963', 'KJEF', '72442013997', 'C8078', 'KVIH', '72445003945', 'KCOU']",obs,
71,2023-10-13,1697173200,65.8,54.1,61.1,65.8,54.1,61.1,57.2,87.6,0.699,100.0,45.83,['rain'],0.0,0.0,25.3,12.7,154.9,1006.7,61.1,7.1,13.3,0.9,1.0,07:06:36,1697198796,18:22:30,1697239350,0.97,"Rain, Partially cloudy",Partly cloudy throughout the day with rain.,rain,"['74466653944', 'KTAZ', 'KSPI', 'E7786', 'KAAA', 'F6994', '72439093822', '74467204862']",obs,10.0
72,2021-10-24,1635051600,80.9,56.9,66.6,82.2,56.9,66.7,58.1,75.6,0.135,100.0,4.17,['rain'],0.0,0.0,36.8,19.7,188.0,1004.4,55.7,8.4,74.0,6.5,3.0,07:27:14,1635078434,18:17:55,1635117475,0.63,"Rain, Partially cloudy",Partly cloudy throughout the day with late afternoon rain.,rain,"['72445803963', 'D5315', 'KJEF', '72442013997', 'KVIH', 'CTSM7', '72445003945', 'KCOU', 'ASLM7']",obs,
73,2021-12-05,1638680400,66.8,38.0,51.9,66.8,32.7,49.5,39.9,64.1,0.101,100.0,16.67,['rain'],0.0,0.0,34.2,15.0,140.0,1016.4,59.7,9.8,62.1,5.4,3.0,07:41:19,1638708079,17:19:11,1638742751,0.05,"Rain, Partially cloudy",Partly cloudy throughout the day with late afternoon rain.,rain,"['72422093820', 'KLEX', 'KFFT', 'AV666', '72423353841', '99999963838', '72423513810']",obs,
74,2021-12-11,1639202400,73.2,34.9,55.0,73.2,32.3,53.4,46.9,74.7,0.472,100.0,20.83,['rain'],0.0,0.0,56.6,24.6,250.7,1013.3,75.5,9.1,42.1,3.6,2.0,06:48:21,1639226901,16:32:45,1639261965,0.25,"Rain, Partially cloudy",Partly cloudy throughout the day with rain clearing later.,rain,"['72327013897', '0679W', 'KJWN', 'KBNA', 'KMQY', '72327313827', '72327199999', 'AV736']",obs,
75,2021-01-06,1609912800,64.1,38.4,51.5,64.1,34.1,49.8,42.7,72.9,0.036,100.0,8.33,['rain'],0.0,0.0,27.5,15.2,99.6,1018.0,14.2,9.8,109.5,9.4,6.0,07:02:40,1609938160,17:19:07,1609975147,0.75,Rain,Clear conditions throughout the day with late afternoon rain.,rain,"['72104600460', '99999953960', 'KBTR', 'KHZR', '72232013970', '72096700457', 'LSU01', '1311W']",obs,
76,2023-01-03,1672725600,77.2,66.4,70.8,77.2,66.4,70.8,65.5,83.7,0.372,100.0,33.33,['rain'],0.0,0.0,33.1,20.9,192.2,1010.0,82.0,9.3,57.7,4.8,4.0,07:02:31,1672750951,17:08:07,1672787287,0.39,"Rain, Partially cloudy",Partly cloudy throughout the day with rain.,rain,"['72078700278', 'KJVW', 'MAYM6', '72235413927', 'KHKS', '72235003940', 'MSS10', 'KJAN']",obs,75.0
77,2020-02-10,1581314400,74.0,61.1,65.4,74.0,61.1,65.4,61.6,87.6,2.391,100.0,62.5,['rain'],0.0,0.0,30.5,15.6,157.9,1015.6,85.1,8.4,37.5,3.3,3.0,06:48:15,1581338895,17:42:03,1581378123,0.55,"Rain, Partially cloudy",Partly cloudy throughout the day with a chance of rain throughout the day.,rain,"['72078700278', 'D5633', 'KJVW', '72235413927', 'KHKS', '72235003940', 'MSS10', 'KJAN']",obs,
78,2023-03-24,1679634000,83.5,68.5,74.6,84.5,68.5,74.8,65.4,74.7,0.055,100.0,12.5,['rain'],0.0,0.0,35.2,21.5,174.4,1010.7,90.9,9.7,137.2,11.9,6.0,06:59:27,1679659167,19:15:04,1679703304,0.1,"Rain, Overcast",Cloudy skies throughout the day with late afternoon rain.,rain,"['72078700278', 'KJVW', '72235413927', 'KHKS', '72235003940', 'MSS10', 'KJAN', 'CYSM6']",obs,30.0
79,2021-03-17,1615957200,73.1,62.0,66.6,73.1,62.0,66.6,58.5,76.4,1.225,100.0,25.0,['rain'],0.0,0.0,30.5,20.3,184.0,1004.5,84.9,9.1,82.5,7.2,5.0,07:16:25,1615983385,19:18:44,1616026724,0.14,"Rain, Partially cloudy",Partly cloudy throughout the day with rain in the morning and afternoon.,rain,"['72340503930', '72341613925', '72340313963', 'KLRF', 'KSGT', 'D8400', 'E9770', 'KLIT']",obs,
80,2021-03-24,1616562000,71.1,53.3,63.8,71.1,53.3,63.8,53.6,70.1,0.0,0.0,0.0,,0.0,0.0,25.3,12.3,103.7,1005.7,56.8,9.0,62.3,4.5,4.0,07:29:26,1616588966,19:45:12,1616633112,0.37,Partially cloudy,Partly cloudy throughout the day.,partly-cloudy-day,"['KATT', 'KAUS', '72064800230', 'E4737', '72254013904', '72254413958', 'D9418', 'E5093']",obs,
81,2019-03-09,1552111200,84.7,60.7,73.3,81.8,60.7,72.7,51.7,57.0,0.035,100.0,25.0,['rain'],0.0,0.0,24.9,11.2,218.1,1008.4,52.6,7.9,188.7,16.4,8.0,06:48:06,1552135686,18:35:18,1552178118,0.11,"Rain, Partially cloudy",Clearing in the afternoon with rain clearing later.,rain,"['KATT', 'KAUS', '72064800230', 'E4737', 'KEDC', '72254013904', '72254413958', 'D9418']",obs,
82,2022-03-22,1647925200,73.1,56.9,63.2,73.1,56.9,63.2,59.3,87.6,2.072,100.0,37.5,['rain'],0.0,0.0,37.1,20.7,144.5,1007.7,99.0,8.3,37.3,3.3,3.0,07:01:43,1647950503,19:13:50,1647994430,0.66,"Rain, Overcast",Cloudy skies throughout the day with rain.,rain,"['72078700278', 'KJVW', 'MAYM6', '72235413927', 'KHKS', '72235003940', 'MSS10', 'KJAN']",obs,30.0
83,2023-03-24,1679634000,86.6,61.0,74.2,83.5,61.0,73.7,58.0,64.0,0.052,100.0,12.5,['rain'],0.0,0.0,27.5,10.5,229.9,1006.5,56.1,8.9,197.8,17.1,8.0,07:30:02,1679661002,19:44:56,1679705096,0.1,"Rain, Partially cloudy",Partly cloudy throughout the day with rain in the morning and afternoon.,rain,"['KATT', 'KAUS', '72064800230', 'KEDC', '72254013904', '72254413958', 'D9418', 'E5093']",obs,30.0
84,2019-04-06,1554526800,72.6,67.0,70.1,72.6,67.0,70.1,66.5,88.6,2.846,100.0,58.33,['rain'],0.0,0.0,31.1,7.2,103.6,1010.6,78.9,5.0,40.8,3.5,3.0,07:14:20,1554552860,19:52:52,1554598372,0.05,"Rain, Partially cloudy",Partly cloudy throughout the day with a chance of rain throughout the day.,rain,"['KATT', 'KAUS', '72064800230', 'E4737', 'KEDC', '72254013904', '72254413958']",obs,
85,2019-04-13,1555131600,77.0,60.2,65.9,77.0,60.2,65.9,62.7,89.6,2.029,100.0,45.83,['rain'],0.0,0.0,46.1,29.0,107.3,1007.4,75.4,9.2,51.7,4.5,3.0,06:34:09,1555155249,19:28:51,1555201731,0.3,"Rain, Partially cloudy",Partly cloudy throughout the day with rain.,rain,"['72078700278', 'D5633', 'KJVW', '72235413927', 'MAYM6', 'KHKS', '72235003940', 'MSS10', 'KJAN']",obs,
86,2020-04-22,1587531600,80.2,70.7,74.7,85.0,70.7,75.1,69.9,85.4,0.094,100.0,20.83,['rain'],0.0,0.0,25.0,12.1,179.9,1006.5,71.6,5.9,66.0,5.6,3.0,06:55:45,1587556545,20:03:24,1587603804,0.0,"Rain, Partially cloudy",Partly cloudy throughout the day with rain in the morning and afternoon.,rain,"['KATT', 'KAUS', '72064800230', 'KEDC', '72254013904', '72254413958', 'D9418']",obs,
87,2019-04-30,1556600400,57.9,50.5,53.5,57.9,50.5,53.5,51.0,91.6,1.913,100.0,83.33,['rain'],0.0,0.0,35.6,17.1,28.1,1013.1,85.0,7.0,15.3,1.0,1.0,06:25:59,1556623559,20:14:28,1556673268,0.86,"Rain, Partially cloudy",Partly cloudy throughout the day with a chance of rain throughout the day.,rain,"['72456513920', 'KFOE', '72450803997', 'KTOP', 'F1237', '72456013996', 'KLWC', 'D0314']",obs,
88,2022-04-13,1649826000,82.5,62.1,71.1,84.4,62.1,71.4,64.6,81.4,2.425,100.0,33.33,['rain'],0.0,0.0,45.1,23.8,169.4,1010.1,84.8,8.6,146.4,12.7,6.0,06:33:51,1649849631,19:29:04,1649896144,0.4,"Rain, Partially cloudy",Partly cloudy throughout the day with rain.,rain,"['72078700278', 'KJVW', 'MAYM6', '72235413927', 'KHKS', '72235003940', 'MSS10', 'MSS22', 'KJAN']",obs,60.0
89,2020-04-28,1588050000,75.9,61.1,67.8,75.9,61.1,67.8,58.6,72.5,0.0,0.0,0.0,,0.0,0.0,34.4,16.9,178.3,1013.6,82.8,9.9,154.0,13.2,6.0,06:21:16,1588072876,19:52:16,1588121536,0.2,Partially cloudy,Partly cloudy throughout the day.,partly-cloudy-day,"['72340503930', '72341613925', '72340313963', 'KLRF', 'KSGT', 'D8400', 'LNKA4', 'KLIT']",obs,
90,2023-04-05,1680670800,78.1,58.9,68.5,78.1,58.9,68.5,60.5,76.1,0.599,100.0,29.17,['rain'],0.0,0.0,55.3,17.1,231.8,1012.6,97.9,8.9,30.2,2.5,1.0,06:50:46,1680695446,19:33:25,1680741205,0.5,"Rain, Overcast",Cloudy skies throughout the day with a chance of rain throughout the day.,rain,"['72340503930', '72341613925', '72340313963', 'KLRF', 'KSGT', 'E9770', 'KLIT', 'LNKA4']",obs,60.0
91,2022-04-11,1649653200,71.4,57.5,64.0,71.4,57.5,64.0,47.9,57.0,0.0,0.0,0.0,,0.0,0.0,33.3,18.3,51.5,1006.1,69.8,9.9,184.7,16.1,7.0,07:02:43,1649678563,20:00:01,1649725201,0.34,Partially cloudy,Partly cloudy throughout the day.,partly-cloudy-day,"['72354013919', '72353013967', 'KTIK', 'AV216', 'KPWA', 'KOKC', '72354403954']",obs,60.0
92,2019-05-08,1557291600,82.2,69.3,75.5,88.2,69.3,76.4,70.6,85.1,0.183,100.0,16.67,['rain'],0.0,0.0,34.7,14.9,132.6,1011.8,49.7,9.2,93.5,8.1,6.0,06:15:32,1557314132,19:47:23,1557362843,0.13,"Rain, Partially cloudy",Partly cloudy throughout the day with rain in the morning and afternoon.,rain,"['F1193', '72104600460', '99999953960', 'KBTR', 'KHZR', '72232013970', '72096700457']",obs,
93,2019-05-07,1557205200,86.3,68.5,74.8,92.3,68.5,76.2,68.5,81.5,1.3,100.0,29.17,['rain'],0.0,0.0,34.4,12.2,139.0,1012.0,77.1,8.9,162.9,14.1,6.0,06:42:49,1557229369,20:12:39,1557277959,0.1,"Rain, Partially cloudy",Partly cloudy throughout the day with rain.,rain,"['KATT', 'KAUS', '72064800230', 'E4737', 'KEDC', '72254013904', '72254413958']",obs,
94,2022-05-25,1653454800,83.3,61.0,70.2,81.3,61.0,69.8,53.8,61.8,1.12,100.0,16.67,['rain'],0.0,0.0,40.5,13.3,320.0,1010.3,28.1,9.1,288.1,25.1,9.0,06:31:58,1653478318,20:24:17,1653528257,0.83,"Rain, Partially cloudy",Clearing in the afternoon with early morning rain.,rain,"['KATT', 'KAUS', '72064800230', 'KEDC', '72254013904', '72254413958', 'D9418', 'E5093']",obs,10.0
95,2019-05-24,1558674000,77.0,67.8,72.0,77.0,67.8,72.0,64.5,78.0,0.495,100.0,45.83,['rain'],0.0,0.0,29.9,16.8,180.5,1011.7,52.2,9.5,124.3,10.8,9.0,06:03:04,1558695784,20:36:26,1558748186,0.69,"Rain, Partially cloudy",Partly cloudy throughout the day with rain.,rain,"['72456513920', 'KFOE', '72450803997', 'KTOP', 'TS790', 'F1237', '72456013996', 'KLWC']",obs,
96,2023-05-22,1684731600,84.3,62.4,73.4,85.6,62.4,73.7,63.6,74.1,0.0,0.0,0.0,,0.0,0.0,8.1,6.8,96.3,1015.0,40.7,8.5,212.0,18.2,6.0,06:33:22,1684755202,20:22:20,1684804940,0.1,Partially cloudy,Partly cloudy throughout the day.,partly-cloudy-day,"['KAUS', '72064800230', 'KEDC', '72254013904', '72254413958', 'D9418', 'E5093']",obs,30.0
97,2019-05-02,1556773200,78.7,63.6,70.3,78.7,63.6,70.3,64.4,82.0,0.123,100.0,29.17,['rain'],0.0,0.0,33.3,18.5,73.8,1014.2,70.9,9.0,104.2,8.7,5.0,06:46:58,1556797618,20:09:23,1556845763,0.93,"Rain, Partially cloudy",Partly cloudy throughout the day with a chance of rain throughout the day.,rain,"['KATT', 'KAUS', '72064800230', 'E4737', 'KEDC', '72254013904', '72254413958']",obs,
98,2023-05-11,1683781200,89.8,72.0,79.8,98.0,72.0,82.6,71.3,76.7,0.008,100.0,4.17,['rain'],0.0,0.0,25.8,16.5,148.3,1013.7,52.6,9.8,246.5,21.5,9.0,06:13:19,1683803599,19:49:25,1683852565,0.71,"Rain, Partially cloudy",Partly cloudy throughout the day with late afternoon rain.,rain,"['72104600460', '99999953960', 'KBTR', 'KHZR', '72232013970', '72096700457', 'LSU01', '1311W']",obs,100.0
99,2020-05-24,1590296400,91.5,68.6,79.8,96.9,68.6,82.0,70.0,73.9,0.705,100.0,37.5,['rain'],0.0,0.0,30.1,12.2,156.9,1008.5,61.7,9.2,248.7,21.5,9.0,06:32:09,1590319929,20:23:57,1590369837,0.07,"Rain, Partially cloudy",Partly cloudy throughout the day with rain.,rain,"['KATT', 'KAUS', '72064800230', 'E0214', 'KEDC', '72254013904', '72254413958', 'D9418']",obs,
100,2019-05-01,1556686800,82.0,75.0,78.0,85.2,75.0,78.9,70.1,77.0,0.008,100.0,4.17,['rain'],0.0,0.0,26.8,14.6,150.5,1011.1,75.4,8.8,97.5,8.1,3.0,06:47:51,1556711271,20:08:43,1556759323,0.9,"Rain, Partially cloudy",Partly cloudy throughout the day with late afternoon rain.,rain,"['KATT', 'KAUS', '72064800230', 'E4737', 'KEDC', '72254013904', '72254413958']",obs,
101,2023-05-19,1684472400,78.0,56.6,66.6,78.0,56.6,66.6,61.5,84.5,0.965,100.0,25.0,['rain'],0.0,0.0,37.1,24.6,2.8,1015.3,85.4,8.9,147.1,12.7,8.0,06:22:45,1684495365,20:30:54,1684546254,0.0,"Rain, Partially cloudy",Partly cloudy throughout the day with rain clearing later.,rain,"['72354013919', '72353013967', 'KTIK', 'AV216', 'KPWA', 'KOKC', '72354403954']",obs,30.0
102,2019-05-08,1557291600,72.0,64.2,67.1,72.0,64.2,67.1,64.0,89.9,2.079,100.0,37.5,['rain'],0.0,0.0,35.6,12.7,133.0,1010.3,82.5,8.5,48.4,3.9,3.0,06:12:02,1557313922,19:59:39,1557363579,0.13,"Rain, Partially cloudy",Partly cloudy throughout the day with rain.,rain,"['72340503930', 'SDNA4', '72341613925', '72340313963', 'KLRF', 'KSGT', 'D8400', 'KLIT']",obs,
103,2023-05-11,1683781200,76.6,63.9,69.2,76.6,63.9,69.2,63.8,83.2,0.118,100.0,25.0,['rain'],0.0,0.0,24.2,14.8,101.8,1010.1,51.3,9.3,102.7,8.7,4.0,06:13:44,1683803624,20:25:03,1683854703,0.71,"Rain, Partially cloudy",Partly cloudy throughout the day with rain in the morning and afternoon.,rain,"['72456513920', 'KFOE', '72450803997', 'F7360', 'KTOP', 'F1237', '72456013996', 'KLWC']",obs,10.0
104,2019-05-09,1557378000,74.1,65.7,68.0,74.1,65.7,68.0,66.9,96.3,2.595,100.0,29.17,['rain'],0.0,0.0,36.2,14.6,128.2,1011.8,75.7,8.7,12.1,1.1,1.0,06:07:24,1557400044,19:47:23,1557449243,0.17,"Rain, Partially cloudy",Partly cloudy throughout the day with a chance of rain throughout the day.,rain,"['72078700278', 'D5633', 'KJVW', '72235413927', 'MAYM6', 'KHKS', '72235003940', 'KJAN', 'CYSM6']",obs,
105,2023-05-11,1683781200,77.3,63.9,68.8,77.3,63.9,68.8,64.8,87.2,0.481,100.0,12.5,['rain'],0.0,0.0,23.2,14.7,159.6,1007.8,72.1,9.1,108.6,9.2,4.0,06:28:55,1683804535,20:24:35,1683854675,0.71,"Rain, Partially cloudy",Partly cloudy throughout the day with late afternoon rain.,rain,"['72354013919', '72353013967', 'KTIK', 'AV216', 'KPWA', 'KOKC', '72354403954']",obs,75.0
106,2019-06-03,1559538000,84.1,60.2,72.1,87.3,60.2,72.6,61.6,70.5,0.005,100.0,4.17,['rain'],0.0,0.0,30.5,19.6,131.4,1013.9,21.5,9.9,222.7,19.2,9.0,05:58:10,1559559490,20:43:51,1559612631,0.0,"Rain, Partially cloudy",Partly cloudy throughout the day with late afternoon rain.,rain,"['72456513920', 'KFOE', '72450803997', 'KTOP', 'TS790', 'F1237', '72456013996', 'KLWC']",obs,
107,2021-06-27,1624770000,90.4,75.3,81.0,95.6,75.3,83.2,71.0,72.8,0.092,100.0,8.33,['rain'],0.0,0.0,19.7,11.4,109.8,1011.8,56.2,9.6,183.8,15.9,8.0,06:31:36,1624793496,20:36:41,1624844201,0.6,"Rain, Partially cloudy",Partly cloudy throughout the day with morning rain.,rain,"['KATT', 'KAUS', '72064800230', 'C2969', '72254013904', '72254413958', 'E5093']",obs,
108,2020-06-22,1592802000,92.3,78.7,84.5,102.8,78.7,89.6,72.8,68.7,0.0,0.0,0.0,,0.0,0.0,31.1,15.9,173.9,1011.1,56.2,9.9,176.4,15.4,5.0,06:30:13,1592825413,20:36:06,1592876166,0.05,Partially cloudy,Partly cloudy throughout the day.,partly-cloudy-day,"['KATT', 'KAUS', '72064800230', 'KEDC', '72254013904', '72254413958', 'D9418']",obs,
109,2019-06-06,1559797200,87.1,74.1,79.9,96.6,74.1,83.7,75.3,86.8,4.296,100.0,50.0,['rain'],0.0,0.0,38.0,17.0,194.7,1007.4,72.3,8.3,124.9,10.5,4.0,06:02:20,1559818940,20:04:43,1559869483,0.12,"Rain, Partially cloudy",Partly cloudy throughout the day with a chance of rain throughout the day.,rain,"['72104600460', 'AV521', '99999953960', 'KBTR', '72232013970']",obs,
110,2022-06-04,1654318800,70.9,58.8,65.2,70.9,58.8,65.2,58.4,79.1,0.17,100.0,12.5,['rain'],0.0,0.0,23.3,11.2,136.9,1011.8,52.2,9.5,90.5,7.8,3.0,05:57:47,1654340267,20:44:42,1654393482,0.17,"Rain, Partially cloudy",Partly cloudy throughout the day with afternoon rain.,rain,"['72456513920', 'KFOE', '72450803997', 'F7360', 'KTOP', 'TS790', '72456013996', 'KLWC']",obs,10.0
111,2023-06-15,1686805200,88.5,65.2,76.2,89.4,65.2,76.5,62.5,64.6,0.178,100.0,20.83,['rain'],0.0,0.0,39.3,22.3,116.1,1006.3,23.7,9.8,257.8,22.4,8.0,06:14:26,1686827666,20:46:56,1686880016,0.91,"Rain, Partially cloudy",Partly cloudy throughout the day with late afternoon rain.,rain,"['F2084', '72354013919', '72353013967', 'KTIK', 'KPWA', 'KOKC', '72354403954']",obs,60.0
112,2021-06-18,1623992400,89.8,66.6,78.9,96.3,66.6,80.9,66.7,67.8,0.0,0.0,0.0,,0.0,0.0,23.2,14.1,125.1,1014.9,24.9,9.9,273.7,23.6,8.0,05:53:59,1624013639,20:10:03,1624065003,0.29,Partially cloudy,Becoming cloudy in the afternoon.,partly-cloudy-day,"['72078700278', 'KJVW', '72235413927', 'KHKS', '72235003940', 'MSS10', 'KJAN', 'CYSM6']",obs,
113,2020-07-01,1593579600,89.5,75.9,80.9,99.2,75.9,84.0,73.9,80.4,0.0,0.0,0.0,,0.0,0.0,,14.8,199.7,1012.0,68.1,8.7,187.3,16.1,7.0,05:59:49,1593601189,20:26:18,1593653178,0.37,Partially cloudy,Partly cloudy throughout the day.,partly-cloudy-day,"['72340503930', '72341613925', '72340313963', 'KLRF', 'KSGT', 'D8400', 'UAPA4', 'KLIT', 'LNKA4']",obs,
114,2020-07-11,1594443600,101.7,78.1,89.1,106.5,78.1,93.1,70.0,57.0,0.0,0.0,0.0,,0.0,0.0,17.2,9.2,181.5,1014.4,25.6,9.8,285.1,24.6,9.0,06:37:46,1594467466,20:35:14,1594517714,0.71,Partially cloudy,Clearing in the afternoon.,partly-cloudy-day,"['KATT', 'KAUS', '72064800230', 'KEDC', '72254013904', '72254413958', 'D9418']",obs,
115,2021-07-20,1626757200,91.3,72.8,80.4,95.4,72.8,82.0,69.8,72.8,0.0,0.0,0.0,,0.0,0.0,17.2,11.7,21.8,1014.4,53.1,9.8,199.8,17.2,8.0,06:42:36,1626781356,20:31:55,1626831115,0.38,Partially cloudy,Partly cloudy throughout the day.,partly-cloudy-day,"['KATT', 'KAUS', '72064800230', 'C2969', 'KEDC', '72254013904', '72254413958', 'E5093']",obs,
116,2022-08-25,1661403600,95.2,74.4,84.1,99.4,74.4,86.5,69.1,62.9,0.0,0.0,0.0,,0.0,0.0,17.2,7.0,33.8,1014.1,31.7,9.9,195.8,16.9,7.0,07:03:51,1661429031,20:01:46,1661475706,0.95,Partially cloudy,Becoming cloudy in the afternoon.,partly-cloudy-day,"['KATT', 'KAUS', '72064800230', 'KEDC', '72254013904', '72254413958', 'D9418', 'E5093']",obs,30.0
117,2021-08-21,1629522000,92.0,75.4,82.7,100.9,75.4,87.1,73.6,76.2,0.0,0.0,0.0,,0.0,0.0,20.8,11.6,250.1,1013.7,12.9,9.9,291.8,25.1,9.0,06:28:57,1629545337,19:38:06,1629592686,0.47,Clear,Clear conditions throughout the day.,clear-day,"['72078700278', 'KJVW', '72235413927', 'KHKS', '72235003940', 'MSS22', 'KJAN', 'CYSM6']",obs,
118,2019-08-09,1565326800,93.1,75.3,83.8,105.6,75.3,90.2,74.6,75.2,0.008,100.0,8.33,['rain'],0.0,0.0,16.1,10.3,239.8,1013.9,21.1,9.9,178.7,15.5,7.0,06:20:42,1565349642,19:51:21,1565398281,0.3,"Rain, Partially cloudy",Partly cloudy throughout the day with rain.,rain,"['72078700278', 'D5633', 'KJVW', 'MAYM6', '72235413927', 'KHKS', '72235003940', 'MSS10', 'KJAN']",obs,
119,2023-09-16,1694840400,84.3,68.3,76.6,89.3,68.3,77.4,70.3,82.1,0.361,100.0,12.5,['rain'],0.0,0.0,32.2,10.4,21.0,1015.7,35.3,9.5,151.3,13.1,7.0,07:15:53,1694866553,19:35:26,1694910926,0.06,"Rain, Partially cloudy",Partly cloudy throughout the day with afternoon rain.,rain,"['KATT', 'KAUS', '72064800230', 'KEDC', 'C2969', '72254013904', '72254413958', 'D9418']",obs,30.0
120,2019-10-16,1571202000,73.1,57.9,69.4,73.1,57.9,69.4,64.8,85.9,0.541,100.0,25.0,['rain'],0.0,0.0,19.2,10.0,2.7,1014.6,58.7,8.4,68.7,6.0,3.0,07:07:27,1571227647,18:32:44,1571268764,0.6,"Rain, Partially cloudy",Partly cloudy throughout the day with rain clearing later.,rain,"['72104600460', '99999953960', 'KBTR', 'KHZR', '72232013970', '72096700457', '1311W']",obs,
121,2023-10-12,1697086800,74.4,64.7,68.9,74.4,64.7,68.9,55.3,62.3,0.0,0.0,0.0,,0.0,0.0,39.3,23.3,158.2,999.5,91.3,9.9,32.0,2.9,1.0,07:29:05,1697113745,18:48:44,1697154524,0.93,Overcast,Cloudy skies throughout the day.,cloudy,"['72456513920', 'KFOE', '72450803997', 'F7360', 'KTOP', '72456013996', 'KLWC']",obs,10.0
122,2021-10-26,1635224400,77.3,56.4,67.5,77.3,56.4,67.5,58.2,72.4,0.0,0.0,0.0,,0.0,0.0,37.6,26.1,151.9,1006.8,56.3,9.8,122.3,10.5,6.0,07:46:28,1635252388,18:41:02,1635291662,0.7,Partially cloudy,Partly cloudy throughout the day.,partly-cloudy-day,"['72354013919', '72353013967', 'KTIK', 'AV216', 'KPWA', 'KOKC', '72354403954']",obs,
123,2022-11-29,1669701600,75.9,49.7,64.3,75.9,48.1,64.3,60.1,86.5,0.2,100.0,20.83,['rain'],0.0,0.0,36.4,16.1,164.6,1011.4,66.1,9.8,60.3,5.0,3.0,06:42:31,1669725751,16:55:33,1669762533,0.2,"Rain, Partially cloudy",Partly cloudy throughout the day with late afternoon rain.,rain,"['72078700278', 'KJVW', '72235413927', 'MAYM6', 'KHKS', '72235003940', 'MSS10', 'KJAN']",obs,60.0
124,2020-11-27,1606456800,67.4,56.0,61.8,67.4,56.0,61.8,57.9,87.3,0.856,100.0,29.17,['rain'],0.0,0.0,19.7,12.6,118.3,1017.5,85.6,7.2,14.7,1.2,1.0,06:41:11,1606480871,16:55:46,1606517746,0.41,"Rain, Partially cloudy",Partly cloudy throughout the day with rain in the morning and afternoon.,rain,"['D5633', '72235413927', 'MAYM6', 'KHKS', '72235003940', 'KJAN', 'CYSM6']",obs,
125,2021-12-11,1639202400,73.8,45.0,59.9,73.8,40.7,59.1,52.3,76.6,0.26,100.0,29.17,['rain'],0.0,0.0,29.6,16.4,275.6,1016.7,67.3,8.9,30.3,2.5,2.0,06:52:10,1639227130,16:56:11,1639263371,0.25,"Rain, Partially cloudy",Partly cloudy throughout the day with rain in the morning and afternoon.,rain,"['72078700278', 'KJVW', '72235413927', 'MAYM6', 'KHKS', '72235003940', 'MSS10', 'KJAN']",obs,
126,2021-12-10,1639116000,78.2,63.0,70.8,78.2,63.0,70.8,65.2,83.5,0.464,100.0,20.83,['rain'],0.0,0.0,37.1,23.9,199.8,1006.9,90.5,6.7,54.3,4.6,4.0,07:05:54,1639141554,16:58:16,1639177096,0.25,"Rain, Overcast",Cloudy skies throughout the day with rain.,rain,"['72340503930', '72341613925', '72340313963', 'KLRF', 'KSGT', 'UAPA4', 'E9770', 'KLIT', 'LNKA4']",obs,
127,2019-01-27,1548565200,52.9,40.9,47.7,52.9,39.7,46.9,34.7,62.6,0.0,0.0,0.0,,0.0,0.0,,8.7,13.9,1019.2,62.9,9.9,44.0,3.8,2.0,07:30:57,1548592257,18:09:05,1548630545,0.75,Partially cloudy,Partly cloudy throughout the day.,partly-cloudy-day,"['72214093805', 'K2J9', 'KTLH', 'KBGE', '72026853882', 'QUIF1', '99999900325']",obs,
128,2019-01-19,1547874000,69.4,61.1,64.5,69.4,61.1,64.5,61.8,91.4,0.415,100.0,20.83,['rain'],0.0,0.0,39.1,23.4,177.3,1012.0,90.6,8.8,75.6,6.5,4.0,07:33:55,1547901235,18:02:00,1547938920,0.45,"Rain, Overcast",Cloudy skies throughout the day with rain.,rain,"['72214093805', 'K2J9', 'KTLH', 'KBGE', '72026853882', 'QUIF1', '99999900325']",obs,
129,2023-01-04,1672808400,66.4,58.4,62.9,66.4,58.4,62.9,57.7,83.2,0.213,100.0,29.17,['rain'],0.0,0.0,24.2,12.8,206.3,1012.6,78.4,9.5,25.1,2.0,1.0,07:24:58,1672835098,17:04:36,1672869876,0.42,"Rain, Partially cloudy",Partly cloudy throughout the day with rain.,rain,"['KRIC', 'KFCI', 'F2053', '72401013740', 'KW96', 'KOFP', 'TT281', '72308493775', 'E9140']",obs,10.0
130,2020-01-13,1578891600,65.1,58.6,61.7,65.1,58.6,61.7,58.6,89.8,1.072,100.0,66.67,['rain'],0.0,0.0,,6.4,48.5,1026.4,87.6,7.2,40.4,3.4,2.0,07:42:46,1578919366,17:49:45,1578955785,0.6,"Rain, Partially cloudy",Partly cloudy throughout the day with a chance of rain throughout the day.,rain,"['1066W', 'D0541', 'KFTY', '0349W', 'NNAG1', '72219013874', 'KATL', '72219503888', '72219653863', 'KPDK']",obs,
131,2022-02-22,1645509600,79.3,55.3,66.5,79.3,55.3,66.5,59.5,79.7,0.0,0.0,0.0,,0.0,0.0,23.9,15.6,163.5,1021.4,66.1,8.7,87.0,7.5,4.0,06:20:34,1645532434,17:37:14,1645573034,0.72,Partially cloudy,Partly cloudy throughout the day.,partly-cloudy-day,"['99999973802', 'KMXF', 'D3397', '72226513821', '72226013895', 'KMGM', 'K1A9', 'TKSA1']",obs,10.0
132,2020-02-12,1581487200,79.2,59.3,68.3,79.2,59.3,68.3,62.0,81.8,0.051,100.0,20.83,['rain'],0.0,0.0,27.6,18.8,170.5,1014.5,68.4,9.6,114.3,9.9,5.0,06:31:05,1581510665,17:28:12,1581550092,0.62,"Rain, Partially cloudy",Partly cloudy throughout the day with rain clearing later.,rain,"['99999973802', 'KMXF', '72226513821', 'TT396', '72226013895', 'KMGM', 'K1A9', 'BDAA1']",obs,
133,2021-03-17,1615957200,74.5,62.8,68.7,74.5,62.8,68.7,64.4,87.0,0.156,100.0,8.33,['rain'],0.0,0.0,24.5,17.4,143.6,1012.6,89.0,8.0,38.1,3.1,2.0,06:52:22,1615981942,18:54:56,1616025296,0.14,"Rain, Partially cloudy",Partly cloudy throughout the day with late afternoon rain.,rain,"['99999973802', 'KMXF', 'D3397', '72226513821', 'TT396', '72226013895', 'KMGM', 'K1A9', 'BDAA1']",obs,
134,2020-03-31,1585627200,83.6,63.9,71.4,86.2,63.9,71.7,65.6,83.1,0.777,100.0,16.67,['rain'],0.0,0.0,38.0,22.0,247.5,1009.0,64.4,8.4,105.5,9.1,5.0,07:26:44,1585654004,19:55:52,1585698952,0.25,"Rain, Partially cloudy",Partly cloudy throughout the day with afternoon rain.,rain,"['72214093805', 'K2J9', 'KTLH', 'KBGE', '72026853882', '1080W', '99999900325', '0434W']",obs,
135,2022-03-23,1648008000,73.0,58.6,65.2,73.0,58.6,65.2,57.4,75.9,0.102,100.0,20.83,['rain'],0.0,0.0,26.3,14.7,167.5,1014.9,91.5,9.3,61.0,5.4,3.0,07:13:45,1648034025,19:28:59,1648078139,0.69,"Rain, Overcast",Cloudy skies throughout the day with rain.,rain,"['KLHZ', '72214103731', '72213103713', 'KJNX', '1327W', 'KRDU', '72306013722']",obs,10.0
136,2019-03-03,1551589200,73.9,55.3,62.0,73.9,55.3,62.0,57.1,84.7,0.33,100.0,25.0,['rain'],0.0,0.0,33.2,10.5,207.7,1011.4,78.5,8.8,73.0,6.3,4.0,06:50:35,1551613835,18:22:08,1551655328,0.9,"Rain, Partially cloudy",Partly cloudy throughout the day with late afternoon rain.,rain,"['72310503858', 'F1671', 'KCUB', 'KMMT', '72310013883', '72310453867', 'KCAE']",obs,
137,2022-03-09,1646802000,71.0,64.7,68.2,71.0,64.7,68.2,66.8,95.1,1.005,100.0,54.17,['rain'],0.0,0.0,21.5,12.4,176.1,1013.1,98.5,7.0,21.3,1.7,2.0,06:54:04,1646826844,18:41:34,1646869294,0.22,"Rain, Overcast",Cloudy skies throughout the day with rain.,rain,"['72214093805', 'K2J9', 'KTLH', 'KBGE', '72026853882', '1080W', '99999900325']",obs,30.0
138,2020-04-13,1586750400,80.9,64.5,73.9,80.5,64.5,73.9,61.4,68.7,0.619,100.0,29.17,['rain'],0.0,0.0,39.0,20.0,213.5,1010.0,47.4,8.3,255.0,22.1,10.0,06:55:04,1586775304,19:54:33,1586822073,0.69,"Rain, Partially cloudy",Partly cloudy throughout the day with rain clearing later.,rain,"['1176W', '72310503858', 'KCUB', 'KMMT', '72310013883', '72310453867', 'KCAE']",obs,
139,2020-04-13,1586750400,79.9,63.7,71.6,79.9,63.7,71.6,60.6,70.4,0.383,100.0,54.17,['rain'],0.0,0.0,40.2,25.3,206.3,1007.9,74.5,9.2,204.5,17.6,8.0,06:43:37,1586774617,19:46:49,1586821609,0.69,"Rain, Partially cloudy",Partly cloudy throughout the day with a chance of rain throughout the day.,rain,"['KLHZ', '72213103713', 'KJNX', '1327W', 'KRDU', '72306013722']",obs,
140,2019-04-14,1555214400,80.0,70.3,73.6,82.7,70.3,73.8,67.8,82.2,0.045,100.0,12.5,['rain'],0.0,0.0,23.4,14.8,172.4,1009.1,70.0,9.6,65.8,5.9,3.0,06:54:45,1555239285,19:54:44,1555286084,0.33,"Rain, Partially cloudy",Partly cloudy throughout the day with rain.,rain,"['72310503858', 'F1671', 'KCUB', 'KMMT', '72310013883', '72310453867', 'KCAE']",obs,
141,2020-04-08,1586318400,79.5,60.2,69.3,79.5,60.2,69.3,62.1,79.1,0.005,100.0,4.17,['rain'],0.0,0.0,22.4,10.5,270.2,1010.6,63.3,8.9,117.5,10.3,5.0,07:15:03,1586344503,20:03:56,1586390636,0.52,"Rain, Partially cloudy",Partly cloudy throughout the day with afternoon rain.,rain,"['1066W', 'KFTY', '72219013874', 'KATL', '72219503888', '72219653863', 'KPDK']",obs,
142,2019-04-19,1555646400,71.2,47.2,61.6,71.2,41.7,61.2,57.2,85.9,3.206,100.0,70.83,['rain'],0.0,0.0,55.3,16.6,217.7,1000.4,68.7,7.3,91.4,8.0,8.0,07:02:17,1555671737,20:11:38,1555719098,0.5,"Rain, Partially cloudy",Partly cloudy throughout the day with a chance of rain throughout the day.,rain,"['KFTY', '72219013874', 'E9807', 'KATL', '72219503888', '72219653863', 'KPDK']",obs,
143,2019-04-14,1555214400,77.1,57.4,70.3,77.1,57.4,70.3,62.8,77.8,1.265,100.0,41.67,['rain'],0.0,0.0,33.3,22.7,188.1,1005.3,66.9,8.6,72.7,6.2,6.0,07:08:23,1555240103,20:07:51,1555286871,0.33,"Rain, Partially cloudy",Partly cloudy throughout the day with a chance of rain throughout the day.,rain,"['KFTY', '72219013874', 'E9807', 'KATL', '72219503888', '72219653863', 'KPDK']",obs,
144,2022-05-26,1653537600,80.9,61.5,69.9,83.3,61.5,70.3,63.5,81.3,0.009,100.0,4.17,['rain'],0.0,0.0,15.0,7.9,89.9,1021.8,89.3,9.0,241.1,20.8,10.0,06:02:17,1653559337,20:21:26,1653610886,0.87,"Rain, Partially cloudy",Partly cloudy throughout the day with morning rain.,rain,"['KLHZ', '72214103731', '72213103713', 'KJNX', '1327W', 'KRDU', '72306013722']",obs,30.0
145,2020-05-20,1589947200,66.9,60.8,63.3,66.9,60.8,63.3,60.8,91.7,0.132,100.0,25.0,['rain'],0.0,0.0,18.3,8.8,48.8,1013.3,99.9,7.8,61.7,5.2,3.0,06:19:08,1589969948,20:22:48,1590020568,0.93,"Rain, Overcast",Cloudy skies throughout the day with rain in the morning and afternoon.,rain,"['1176W', '72310503858', 'KCUB', 'KMMT', '72310013883', '72310453867', 'KCAE']",obs,
146,2021-05-03,1620014400,81.8,65.8,71.7,84.7,65.8,72.0,66.7,84.7,1.241,100.0,41.67,['rain'],0.0,0.0,30.6,12.8,201.5,1012.5,79.4,8.6,107.1,9.2,6.0,06:32:45,1620037965,20:09:50,1620086990,0.75,"Rain, Partially cloudy",Partly cloudy throughout the day with rain.,rain,"['72310503858', 'KCUB', 'KMMT', 'RCHQ', '72310013883', '72310453867', 'KCAE']",obs,
147,2021-05-10,1620619200,79.5,61.8,69.0,79.5,61.8,69.0,61.0,77.6,0.303,100.0,33.33,['rain'],0.0,0.0,33.4,18.2,227.6,1013.0,83.6,9.4,185.5,16.1,9.0,06:13:14,1620641594,20:09:14,1620691754,0.96,"Rain, Partially cloudy",Partly cloudy throughout the day with rain.,rain,"['KLHZ', '72214103731', '72213103713', 'KJNX', '1327W', 'KRDU', '72306013722']",obs,
148,2023-05-25,1684987200,84.3,64.6,75.1,82.4,64.6,74.6,56.1,55.8,0.0,0.0,0.0,,0.0,0.0,18.9,12.3,27.2,1011.2,34.5,9.9,305.2,26.4,10.0,06:37:52,1685011072,20:30:39,1685061039,0.19,Partially cloudy,Becoming cloudy in the afternoon.,partly-cloudy-day,"['72214093805', 'K2J9', 'KTLH', 'KBGE', '72026853882', '1080W', '99999900325']",obs,10.0
149,2021-06-19,1624078800,78.8,73.0,75.3,78.8,73.0,75.3,70.8,86.0,1.998,100.0,79.17,['rain'],0.0,0.0,23.7,16.4,145.4,1012.0,79.8,7.7,30.3,2.3,1.0,05:38:25,1624099105,19:55:00,1624150500,0.32,"Rain, Partially cloudy",Partly cloudy throughout the day with a chance of rain throughout the day.,rain,"['99999973802', 'KMXF', 'D3397', '72226513821', 'TT396', '72226013895', 'KMGM', 'K1A9', 'BDAA1']",obs,
150,2023-06-16,1686888000,86.9,73.1,79.3,93.6,73.1,80.8,70.5,76.3,0.074,100.0,12.5,['rain'],0.0,0.0,39.6,21.6,280.8,1011.7,55.9,9.7,219.0,19.1,6.0,06:34:45,1686911685,20:41:05,1686962465,0.95,"Rain, Partially cloudy",Partly cloudy throughout the day with rain.,rain,"['72214093805', 'K2J9', 'KTLH', 'KBGE', '72026853882', '1080W', '99999900325']",obs,60.0
151,2021-06-19,1624075200,77.5,69.6,72.6,77.5,69.6,72.6,67.8,85.1,1.086,100.0,50.0,['rain'],0.0,0.0,31.1,15.0,109.3,1015.9,75.7,7.9,63.8,5.6,2.0,06:27:10,1624098430,20:50:58,1624150258,0.32,"Rain, Partially cloudy",Partly cloudy throughout the day with rain.,rain,"['KFTY', '0349W', 'F6303', '72219013874', 'KATL', '72219503888', '72219653863', 'KPDK']",obs,
152,2021-07-01,1625112000,93.9,71.7,80.9,99.7,71.7,83.4,70.9,73.7,0.59,100.0,33.33,['rain'],0.0,0.0,47.2,14.1,227.5,1013.1,63.5,9.5,234.1,20.3,9.0,05:52:26,1625133146,20:34:51,1625186091,0.75,"Rain, Partially cloudy",Becoming cloudy in the afternoon with rain.,rain,"['KRIC', 'KFCI', 'F2053', '72401013740', 'F0267', 'KW96', 'KOFP', '72308493775']",obs,
153,2021-07-07,1625630400,82.0,71.9,76.6,86.4,71.9,77.1,72.2,86.8,0.27,100.0,20.83,['rain'],0.0,0.0,18.2,14.4,2.2,1013.3,84.0,9.5,123.4,10.6,5.0,06:41:24,1625654484,20:42:45,1625704965,0.92,"Rain, Partially cloudy",Partly cloudy throughout the day with rain in the morning and afternoon.,rain,"['72214093805', 'K2J9', 'KTLH', 'KBGE', '72026853882', '1080W', '99999900325']",obs,
154,2019-08-04,1564891200,93.6,69.9,81.6,100.0,69.9,85.1,71.1,73.8,0.0,0.0,0.0,,0.0,0.0,18.3,12.3,302.1,1014.6,34.8,9.9,251.1,21.8,10.0,06:57:04,1564916224,20:29:01,1564964941,0.12,Partially cloudy,Partly cloudy throughout the day.,partly-cloudy-day,"['72214093805', 'K2J9', 'KTLH', 'E0402', '99999900325']",obs,
155,2020-08-03,1596427200,83.5,71.5,77.5,90.7,71.5,79.2,73.5,88.1,0.498,100.0,50.0,['rain'],0.0,0.0,21.9,12.1,132.5,1016.3,53.5,8.8,113.4,9.7,5.0,06:24:20,1596450260,20:16:36,1596500196,0.5,"Rain, Partially cloudy",Partly cloudy throughout the day with rain.,rain,"['KLHZ', '72214103731', '72213103713', 'KJNX', '1327W', 'KRDU', '72306013722']",obs,
156,2021-08-17,1629172800,84.9,72.7,77.6,92.3,72.7,79.2,74.3,90.3,0.03,100.0,8.33,['rain'],0.0,0.0,18.3,8.4,127.4,1019.6,77.6,7.9,138.8,12.0,6.0,06:35:08,1629196508,20:01:28,1629244888,0.33,"Rain, Partially cloudy",Partly cloudy throughout the day with rain in the morning and afternoon.,rain,"['KLHZ', '72214103731', '72213103713', 'KJNX', '1327W', 'KRDU', '72306013722']",obs,
157,2020-08-04,1596513600,87.2,69.3,77.5,93.0,69.3,79.6,70.6,81.0,2.061,100.0,29.17,['rain'],0.0,0.0,23.0,14.4,265.5,1011.8,57.7,8.7,297.0,25.9,9.0,06:25:07,1596536707,20:15:38,1596586538,0.53,"Rain, Partially cloudy",Partly cloudy throughout the day with rain clearing later.,rain,"['KLHZ', '72214103731', '72213103713', 'KJNX', '1327W', 'KRDU', '72306013722']",obs,
158,2020-09-16,1600228800,70.3,63.9,66.3,70.3,63.9,66.3,60.8,82.9,0.787,100.0,54.17,['rain'],0.0,0.0,35.6,15.8,71.3,1016.9,85.1,7.9,24.8,1.9,1.0,07:21:52,1600255312,19:42:00,1600299720,0.97,"Rain, Partially cloudy",Partly cloudy throughout the day with rain.,rain,"['KFTY', '0349W', 'F6303', '72219013874', 'KATL', '72219503888', '72219653863', 'KPDK']",obs,
159,2020-09-16,1600228800,78.7,75.7,77.2,78.7,75.7,77.2,74.0,90.1,3.919,100.0,66.67,['rain'],0.0,0.0,32.1,19.1,120.1,1010.0,85.1,8.2,15.9,1.4,1.0,07:22:20,1600255340,19:40:43,1600299643,0.97,"Rain, Partially cloudy",Partly cloudy throughout the day with a chance of rain throughout the day.,rain,"['72214093805', 'K2J9', 'KTLH', 'KBGE', '0344W', '72026853882', '1080W', '99999900325']",obs,
160,2022-10-17,1665979200,84.4,58.1,71.2,85.9,58.1,71.6,61.9,74.6,0.0,0.0,0.0,,0.0,0.0,13.0,12.0,265.2,1011.9,46.3,9.9,168.5,14.5,8.0,07:40:42,1666006842,19:03:46,1666047826,0.75,Partially cloudy,Partly cloudy throughout the day.,partly-cloudy-day,"['72214093805', 'K2J9', 'KTLH', 'KBGE', '72026853882', '1080W', '99999900325']",obs,30.0
161,2019-10-31,1572494400,86.0,57.2,76.3,90.6,57.2,77.6,67.8,76.2,0.238,100.0,8.33,['rain'],0.0,0.0,48.3,18.6,209.8,1013.4,72.6,9.7,106.5,9.1,4.0,07:42:34,1572522154,18:32:32,1572561152,0.11,"Rain, Partially cloudy",Partly cloudy throughout the day with rain.,rain,"['1176W', '72310503858', 'KCUB', 'WERS1', 'KMMT', '72310013883', '72310453867', 'KCAE']",obs,
162,2019-11-07,1573106400,72.3,58.5,64.8,72.3,58.5,64.8,59.9,84.6,0.426,100.0,25.0,['rain'],0.0,0.0,18.5,11.8,38.6,1020.7,85.0,8.8,80.9,6.9,5.0,06:07:20,1573128440,16:49:59,1573166999,0.34,"Rain, Partially cloudy",Partly cloudy throughout the day with rain.,rain,"['99999973802', 'KMXF', '72226513821', 'TT396', '72226013895', 'KMGM', 'K1A9', 'BDAA1']",obs,
163,2020-12-24,1608786000,67.6,38.6,53.1,67.6,29.6,51.2,50.2,90.1,1.492,100.0,37.5,['rain'],0.0,0.0,41.4,21.8,234.8,1012.6,64.1,9.1,15.3,1.5,1.0,07:31:38,1608813098,17:42:31,1608849751,0.32,"Rain, Partially cloudy",Partly cloudy throughout the day with rain.,rain,"['72214093805', 'K2J9', 'KTLH', 'KBGE', '72026853882', '1080W', '99999900325', '0434W']",obs,
164,2022-12-15,1671080400,71.9,47.6,63.4,71.9,46.5,63.3,54.4,75.5,0.797,100.0,41.67,['rain'],0.0,0.0,26.3,16.8,262.1,1011.4,44.6,8.9,151.3,13.2,6.0,07:26:38,1671107198,17:38:06,1671143886,0.75,"Rain, Partially cloudy",Clearing in the afternoon with rain clearing later.,rain,"['72214093805', 'K2J9', 'KTLH', 'KBGE', '0344W', '0004W', '72026853882', '1080W', '99999900325']",obs,30.0
165,2023-12-10,1702184400,67.8,48.9,64.1,67.8,43.1,63.8,60.9,89.6,1.998,100.0,62.5,['rain'],0.0,0.0,36.8,18.9,204.1,1011.6,99.5,7.9,12.7,1.2,1.0,07:13:40,1702210420,17:00:59,1702245659,0.93,"Rain, Overcast",Cloudy skies throughout the day with rain.,rain,"['KLHZ', '72214103731', '72213103713', '1327W', 'KRDU', '72306013722']",obs,10.0
166,2020-03-17,1584424800,60.0,39.4,49.5,60.0,36.9,48.0,25.1,40.7,0.0,0.0,0.0,,0.0,0.0,23.5,17.9,195.7,1011.8,12.4,9.9,143.2,12.4,5.0,07:10:43,1584450643,19:13:34,1584494014,0.77,Clear,Clear conditions throughout the day.,clear-day,"['72365623049', '99999903033', '72367723054', 'D2584', 'SFWN5', '72365493091', 'KSAF', 'KLAM']",obs,
167,2019-05-30,1559196000,69.7,42.4,55.5,69.7,38.8,54.7,36.5,50.9,0.012,100.0,8.33,['rain'],0.0,0.0,33.7,19.4,91.4,1014.7,40.7,9.9,488.1,41.9,10.0,05:50:01,1559217001,20:12:55,1559268775,0.88,"Rain, Partially cloudy",Partly cloudy throughout the day with rain.,rain,"['72365623049', '99999903033', '72367723054', 'D2584', 'SFWN5', '72365493091', 'KSAF', 'KLAM', 'E0657']",obs,
168,2023-05-26,1685080800,74.4,57.3,65.3,74.4,57.3,65.3,46.5,53.1,0.0,0.0,0.0,,0.0,0.0,39.1,24.6,137.7,1010.9,22.1,9.9,304.1,26.1,10.0,05:51:47,1685101907,20:10:17,1685153417,0.23,Partially cloudy,Partly cloudy throughout the day.,partly-cloudy-day,"['72365623049', '99999903033', '72367723054', 'D2584', 'SFWN5', '72365493091', 'ELCN5', 'KSAF', 'KLAM']",obs,30.0
169,2019-05-27,1558936800,69.2,47.0,56.9,69.2,42.6,56.2,45.0,68.4,0.065,100.0,12.5,['rain'],0.0,0.0,35.6,18.1,243.0,1004.4,52.5,9.8,225.0,19.5,8.0,05:36:35,1558956995,20:18:06,1559009886,0.79,"Rain, Partially cloudy",Partly cloudy throughout the day with rain.,rain,"['KBKF', 'KDEN', '72469523036', 'KAPA', '72565003017', 'C7015', '72466693067', 'C9516']",obs,
170,2022-06-23,1655967600,106.1,85.6,94.9,104.3,86.2,92.9,54.0,26.3,0.0,0.0,0.0,,0.0,0.0,43.7,18.0,130.8,1006.5,43.0,9.4,274.3,23.7,10.0,05:19:34,1655986774,19:41:41,1656038501,0.82,Partially cloudy,Becoming cloudy in the afternoon.,partly-cloudy-day,"['72278903192', '72278403184', 'KSDL', 'KDVT', '72278023183', 'KPHX', 'AZM15', 'SRP32']",obs,30.0
171,2023-06-17,1686981600,67.7,47.1,57.8,67.7,47.1,57.8,47.3,71.6,0.0,0.0,0.0,,0.0,0.0,31.1,18.8,307.3,1014.0,73.3,9.5,234.2,20.2,9.0,05:31:37,1687001497,20:30:22,1687055422,0.0,Partially cloudy,Partly cloudy throughout the day.,partly-cloudy-day,"['KBKF', 'KDEN', '72469523036', 'KAPA', '72565003017', 'C7015', '72466693067']",obs,10.0
172,2019-06-02,1559455200,80.7,51.8,64.9,79.6,51.8,64.9,45.9,53.1,0.005,100.0,4.17,['rain'],0.0,0.0,38.8,23.8,182.9,1011.1,44.4,9.9,162.7,14.0,10.0,05:33:44,1559475224,20:22:34,1559528554,0.98,"Rain, Partially cloudy",Partly cloudy throughout the day with afternoon rain.,rain,"['KBKF', 'KDEN', '72469523036', 'KAPA', '72565003017', 'C7015', '72466693067']",obs,
173,2020-07-08,1594188000,94.3,58.9,79.2,89.6,58.9,77.3,33.6,24.2,0.0,0.0,0.0,,0.0,0.0,48.3,17.4,351.6,1006.0,43.9,9.9,243.3,21.0,10.0,05:40:06,1594208406,20:30:00,1594261800,0.61,Partially cloudy,Partly cloudy throughout the day.,partly-cloudy-day,"['KBKF', 'KDEN', '72469523036', 'KAPA', '72565003017', 'C7015', '72466693067']",obs,
174,2019-07-04,1562220000,84.7,61.9,69.5,83.3,61.9,69.4,55.7,63.6,0.428,100.0,20.83,['rain'],0.0,0.0,34.4,14.4,44.7,1009.1,51.1,9.7,219.5,18.9,10.0,05:37:14,1562240234,20:31:21,1562293881,0.07,"Rain, Partially cloudy",Partly cloudy throughout the day with late afternoon rain.,rain,"['KBKF', 'KDEN', '72469523036', 'KAPA', '72565003017', 'C7015', '72466693067']",obs,
175,2021-07-13,1626156000,101.5,82.7,90.5,96.6,81.1,87.3,44.0,21.0,0.0,0.0,0.0,,0.0,0.0,38.6,22.7,161.5,1006.4,71.0,9.9,263.7,22.9,9.0,06:07:54,1626178074,20:58:32,1626231512,0.13,Partially cloudy,Partly cloudy throughout the day.,partly-cloudy-day,"['MTMET', 'QHW', '72572024127', 'WBB', 'F7048', 'KHIF', '72575524101', 'A0002804116', 'KSLC']",obs,
176,2022-08-21,1661065200,96.6,79.0,85.2,101.8,79.0,87.7,67.0,56.0,0.007,100.0,8.33,['rain'],0.0,0.0,51.6,16.0,246.6,1011.9,65.6,9.7,276.3,23.9,9.0,05:54:58,1661086498,19:07:20,1661134040,0.82,"Rain, Partially cloudy",Partly cloudy throughout the day with late afternoon rain.,rain,"['72278903192', '72278403184', 'KSDL', 'KDVT', '72278023183', 'KPHX', 'AZM15']",obs,60.0
177,2019-08-22,1566453600,88.8,57.1,72.2,85.2,57.1,71.3,48.2,50.0,0.0,0.0,0.0,,0.0,0.0,35.7,19.5,175.8,1010.4,47.7,9.9,203.7,17.5,8.0,06:18:27,1566476307,19:46:37,1566524797,0.74,Partially cloudy,Partly cloudy throughout the day.,partly-cloudy-day,"['KBKF', 'KDEN', '72469523036', 'KAPA', '72565003017', '72466693067', 'C9516']",obs,
178,2021-09-02,1630562400,85.6,67.6,74.5,83.4,67.6,74.1,52.0,46.4,0.004,100.0,8.33,['rain'],0.0,0.0,41.6,19.4,160.3,1007.7,61.8,9.9,185.5,15.9,7.0,06:55:48,1630587348,19:57:41,1630634261,0.86,"Rain, Partially cloudy",Partly cloudy throughout the day with late afternoon rain.,rain,"['MTMET', 'QHW', '72572024127', 'WBB', 'F7048', 'KHIF', '72575524101', 'A0002804116', 'KSLC']",obs,
179,2022-03-05,1646460000,60.5,34.7,50.6,60.5,21.8,47.8,46.1,84.8,1.308,100.0,54.17,['rain'],0.0,0.0,41.5,28.6,206.0,1004.9,94.4,7.7,25.5,2.4,2.0,06:42:36,1646484156,18:09:52,1646525392,0.1,"Rain, Overcast",Cloudy skies throughout the day with a chance of rain throughout the day.,rain,"['KDSM', 'KAMW', '72546014933', '72546604938', 'KIKV', 'F8044', '99999954902', 'C6735']",obs,30.0
180,2021-04-07,1617771600,73.2,57.0,64.1,73.2,57.0,64.1,54.0,71.4,0.77,100.0,33.33,['rain'],0.0,0.0,28.8,18.5,162.3,1001.5,76.6,8.9,91.1,8.0,4.0,06:46:51,1617796011,19:46:48,1617842808,0.85,"Rain, Partially cloudy",Partly cloudy throughout the day with rain.,rain,"['KDSM', 'KAMW', '72546014933', '72546604938', 'KIKV', '99999954902', 'C6735']",obs,
181,2022-05-11,1652245200,78.2,62.3,69.5,78.2,62.3,69.5,54.4,61.3,2.134,100.0,12.5,['rain'],0.0,0.0,41.0,25.0,88.9,1016.8,63.9,9.1,97.0,8.2,3.0,05:48:09,1652266089,20:30:10,1652319010,0.35,"Rain, Partially cloudy",Partly cloudy throughout the day with late afternoon rain.,rain,"['C5560', 'D0937', 'KSTP', 'KSGS', '72658414927', '72660304974', 'KMSP', '72658014922']",obs,30.0
182,2019-05-24,1558674000,72.2,53.1,60.7,72.2,53.1,60.7,55.8,84.4,0.751,100.0,70.83,['rain'],0.0,0.0,26.3,18.1,148.5,1016.2,63.2,9.1,134.9,11.6,5.0,05:26:10,1558693570,20:23:09,1558747389,0.69,"Rain, Partially cloudy",Partly cloudy throughout the day with a chance of rain throughout the day.,rain,"['D5478', '72641404873', '72641014837', 'KEFT', 'PEEW3', 'KC29', '99999900236', 'KMSN']",obs,
183,2019-05-24,1558674000,79.0,55.4,67.0,79.0,55.4,67.0,60.4,80.6,1.743,100.0,45.83,['rain'],0.0,0.0,45.4,17.9,166.5,1012.5,67.0,8.8,130.7,10.7,4.0,05:47:37,1558694857,20:35:30,1558748130,0.69,"Rain, Partially cloudy",Partly cloudy throughout the day with rain.,rain,"['KDSM', '72546014933', '72546604938', 'KIKV', '99999954902', 'C6735']",obs,
184,2021-06-24,1624510800,75.9,68.4,72.3,75.9,68.4,72.3,61.0,69.0,0.264,100.0,16.67,['rain'],0.0,0.0,23.1,16.3,191.5,1011.7,89.5,9.7,66.8,5.6,3.0,05:19:12,1624529952,20:40:58,1624585258,0.5,"Rain, Partially cloudy",Partly cloudy throughout the day with rain in the morning and afternoon.,rain,"['72641404873', 'F3620', '72641014837', 'KEFT', 'KC29', '99999900236', 'KMSN']",obs,
185,2019-06-17,1560747600,79.0,62.2,69.8,79.0,62.2,69.8,61.7,77.0,0.0,0.0,0.0,,0.0,0.0,27.7,14.4,78.6,1014.2,62.8,9.0,177.0,15.3,8.0,05:39:53,1560767993,20:50:59,1560822659,0.5,Partially cloudy,Partly cloudy throughout the day.,partly-cloudy-day,"['KDSM', 'KAMW', '72546014933', '72546604938', 'KIKV', '99999954902', 'C6735']",obs,
186,2019-06-18,1560834000,73.2,54.2,65.9,73.2,54.2,65.9,52.2,62.9,0.0,0.0,0.0,,0.0,0.0,17.2,10.1,324.7,1013.7,30.2,9.9,160.8,14.0,5.0,05:25:28,1560853528,21:01:41,1560909701,0.54,Partially cloudy,Partly cloudy throughout the day.,partly-cloudy-day,"['D4810', 'C5560', 'KSTP', 'KSGS', '72658414927', 'KMSP', '72658014922', '72660304974']",obs,
187,2020-07-18,1595048400,88.2,74.8,80.4,99.9,74.8,84.4,73.1,79.2,0.091,100.0,12.5,['rain'],0.0,0.0,26.7,18.0,198.8,1011.3,45.4,9.5,155.5,13.5,7.0,05:34:58,1595068498,20:32:15,1595122335,0.93,"Rain, Partially cloudy",Partly cloudy throughout the day with rain in the morning and afternoon.,rain,"['MIALT', '72641404873', 'F3620', '72641014837', 'KEFT', 'KC29', '99999900236', 'KMSN']",obs,
188,2020-07-11,1594443600,83.0,67.9,75.5,83.6,67.9,75.8,62.8,66.2,0.023,100.0,16.67,['rain'],0.0,0.0,23.2,12.7,337.5,1012.1,22.8,9.7,164.4,14.2,9.0,05:37:17,1594463837,20:58:18,1594519098,0.71,"Rain, Partially cloudy",Clearing in the afternoon with rain.,rain,"['HPN07', 'C5560', 'KSTP', 'KSGS', '72658414927', 'KMSP', '72658014922', '72660304974']",obs,
189,2019-07-28,1564290000,87.3,70.1,79.7,89.8,70.1,81.2,67.9,68.9,0.0,0.0,0.0,,0.0,0.0,24.2,13.1,212.4,1014.5,39.0,9.6,249.2,21.5,9.0,05:43:52,1564310632,20:23:38,1564363418,0.89,Partially cloudy,Partly cloudy throughout the day.,partly-cloudy-day,"['D5478', '72641404873', '72641014837', 'KEFT', 'PEEW3', 'KC29', '99999900236', 'KMSN']",obs,
190,2020-07-21,1595307600,78.7,63.1,71.7,78.7,63.1,71.7,64.4,78.8,0.0,0.0,0.0,,0.0,0.0,21.8,15.1,150.4,1015.2,59.6,9.9,138.5,11.8,6.0,05:37:45,1595327865,20:29:44,1595381384,0.04,Partially cloudy,Partly cloudy throughout the day.,partly-cloudy-day,"['MIALT', '72641404873', 'F3620', '72641014837', 'KEFT', 'KC29', '99999900236', 'KMSN']",obs,
191,2021-08-11,1628658000,91.8,76.1,83.2,103.8,76.1,87.9,73.4,73.7,0.0,0.0,0.0,,0.0,0.0,25.4,15.3,237.9,1007.8,22.8,9.5,106.6,9.2,5.0,06:19:21,1628680761,20:19:12,1628731152,0.11,Partially cloudy,Becoming cloudy in the afternoon.,partly-cloudy-day,"['KDSM', 'KAMW', '72546014933', '72546604938', 'KIKV', 'F8044', '99999954902', 'C6735']",obs,
192,2020-08-10,1597035600,81.3,64.7,73.8,86.0,64.7,74.0,66.1,77.7,0.551,100.0,8.33,['rain'],0.0,0.0,55.3,25.9,285.0,1011.9,30.8,9.6,87.5,7.6,4.0,06:18:34,1597058314,20:20:13,1597108813,0.73,"Rain, Partially cloudy",Partly cloudy throughout the day with afternoon rain.,rain,"['KDSM', 'C7529', 'KAMW', '72546014933', '72546604938', 'KIKV', '99999954902', 'C6735']",obs,
193,2022-08-01,1659326400,83.8,67.9,74.5,86.3,67.9,75.1,64.6,72.1,0.011,100.0,8.33,['rain'],0.0,0.0,32.4,20.3,232.9,1010.4,60.1,9.3,135.0,11.5,6.0,06:29:52,1659349792,20:58:38,1659401918,0.14,"Rain, Partially cloudy",Partly cloudy throughout the day with afternoon rain.,rain,"['72539014836', 'MIHTC', '72028404877', 'KY70', 'KFPK', 'E9296', 'KLAN']",obs,75.0
194,2021-08-09,1628485200,85.8,68.1,76.7,89.1,68.1,77.8,67.6,75.2,0.001,100.0,4.17,['rain'],0.0,0.0,17.2,11.1,100.6,1008.4,15.8,9.8,202.3,17.5,8.0,06:07:31,1628507251,20:27:24,1628558844,0.04,Rain,Clear conditions throughout the day with early morning rain.,rain,"['C5560', 'KSGS', 'KSTP', '72658414927', '72660304974', 'KMSP', '72658014922']",obs,
195,2021-09-17,1631854800,75.8,56.2,65.8,75.8,56.2,65.8,50.7,61.7,0.247,100.0,20.83,['rain'],0.0,0.0,43.9,24.5,303.8,1017.5,33.4,9.7,124.2,10.5,8.0,06:53:49,1631879629,19:18:54,1631924334,0.38,"Rain, Partially cloudy",Clearing in the afternoon with rain clearing later.,rain,"['C5560', 'KSTP', 'KSGS', '72658414927', '72660304974', 'KMSP', '72658014922']",obs,
196,2019-09-10,1568088000,84.0,62.4,72.0,87.5,62.4,73.0,63.7,76.1,0.12,100.0,16.67,['rain'],0.0,0.0,26.4,13.7,189.6,1019.9,11.0,8.8,117.9,10.2,5.0,07:12:18,1568113938,19:57:25,1568159845,0.38,Rain,Clear conditions throughout the day with rain in the morning and afternoon.,rain,"['72539014836', 'KY70', '72028404877', 'MIHTC', 'KFPK', 'KLAN', '72537804887']",obs,
197,2023-10-13,1697173200,65.6,51.4,59.4,65.6,51.4,59.4,54.5,84.2,0.117,100.0,62.5,['rain'],0.0,0.0,27.2,16.5,169.8,1002.8,96.7,9.3,36.2,3.1,2.0,07:24:05,1697199845,18:36:45,1697240205,0.97,"Rain, Overcast",Cloudy skies throughout the day with a chance of rain throughout the day.,rain,"['KDSM', 'KAMW', '72546014933', '72546604938', 'KIKV', '99999954902', 'C6735']",obs,10.0
